project,sample,file_path,qualified_ratio,mean_depth,median_depth
PRJBCH,r196,../data/processed_data/lofreq_strict_bam_depth/PRJBCH/r196.depth.txt,0.99559934318555,14360.970968801314,2079.0
PRJBCH,r237,../data/processed_data/lofreq_strict_bam_depth/PRJBCH/r237.depth.txt,1.0,59077.17129720854,13154.0
PRJBCH,r032,../data/processed_data/lofreq_strict_bam_depth/PRJBCH/r032.depth.txt,1.0,18884.685188834155,5206.0
PRJBCH,r252,../data/processed_data/lofreq_strict_bam_depth/PRJBCH/r252.depth.txt,1.0,30050.83632183908,9300.0
PRJBCH,r183,../data/processed_data/lofreq_strict_bam_depth/PRJBCH/r183.depth.txt,1.0,17012.203087027916,3053.0
PRJBCH,r107,../data/processed_data/lofreq_strict_bam_depth/PRJBCH/r107.depth.txt,1.0,56192.16827586207,8994.0
PRJBCH,r143,../data/processed_data/lofreq_strict_bam_depth/PRJBCH/r143.depth.txt,0.9977668308702792,11871.32446633826,3837.0
PRJBCH,r129,../data/processed_data/lofreq_strict_bam_depth/PRJBCH/r129.depth.txt,1.0,29020.06935960591,9533.0
PRJBCH,r110,../data/processed_data/lofreq_strict_bam_depth/PRJBCH/r110.depth.txt,0.9989490968801312,21838.31014778325,6812.0
PRJBCH,r122,../data/processed_data/lofreq_strict_bam_depth/PRJBCH/r122.depth.txt,1.0,54042.33136288999,24292.0
PRJBCH,r157,../data/processed_data/lofreq_strict_bam_depth/PRJBCH/r157.depth.txt,1.0,73587.4813136289,17836.0
PRJBCH,r154,../data/processed_data/lofreq_strict_bam_depth/PRJBCH/r154.depth.txt,1.0,17334.534778325124,3186.0
PRJBCH,r205,../data/processed_data/lofreq_strict_bam_depth/PRJBCH/r205.depth.txt,1.0,35902.16328407225,9532.0
PRJBCH,r180,../data/processed_data/lofreq_strict_bam_depth/PRJBCH/r180.depth.txt,0.9999343185550084,59233.20315270936,15061.0
PRJBCH,r163,../data/processed_data/lofreq_strict_bam_depth/PRJBCH/r163.depth.txt,1.0,99397.77057471265,36298.0
PRJBCH,r244,../data/processed_data/lofreq_strict_bam_depth/PRJBCH/r244.depth.txt,0.9299178981937604,1545.8581937602628,431.0
PRJBCH,r138,../data/processed_data/lofreq_strict_bam_depth/PRJBCH/r138.depth.txt,1.0,70309.94876847291,13513.0
PRJBCH,r135,../data/processed_data/lofreq_strict_bam_depth/PRJBCH/r135.depth.txt,1.0,23404.71881773399,3480.0
PRJBCH,r139,../data/processed_data/lofreq_strict_bam_depth/PRJBCH/r139.depth.txt,1.0,45347.32650246305,7674.0
PRJBCH,r141,../data/processed_data/lofreq_strict_bam_depth/PRJBCH/r141.depth.txt,0.9978325123152708,20343.12577996716,6142.0
PRJBCH,r243,../data/processed_data/lofreq_strict_bam_depth/PRJBCH/r243.depth.txt,1.0,39520.389688013136,14808.0
PRJBCH,r099,../data/processed_data/lofreq_strict_bam_depth/PRJBCH/r099.depth.txt,0.9970443349753696,52035.18456486043,5047.0
PRJBCH,r148,../data/processed_data/lofreq_strict_bam_depth/PRJBCH/r148.depth.txt,0.9088998357963876,11340.740886699508,2256.0
PRJBCH,r188,../data/processed_data/lofreq_strict_bam_depth/PRJBCH/r188.depth.txt,1.0,34284.429819376026,6543.0
PRJBCH,r206,../data/processed_data/lofreq_strict_bam_depth/PRJBCH/r206.depth.txt,1.0,28308.08972085386,6170.0
PRJBCH,r190,../data/processed_data/lofreq_strict_bam_depth/PRJBCH/r190.depth.txt,0.9966502463054188,16310.2426272578,2528.0
PRJBCH,r164,../data/processed_data/lofreq_strict_bam_depth/PRJBCH/r164.depth.txt,1.0,73532.10791461413,20363.0
PRJBCH,r182,../data/processed_data/lofreq_strict_bam_depth/PRJBCH/r182.depth.txt,1.0,21795.88045977012,10436.0
PRJBCH,r120,../data/processed_data/lofreq_strict_bam_depth/PRJBCH/r120.depth.txt,0.9796387520525452,8016.453661740558,8288.0
PRJBCH,r146,../data/processed_data/lofreq_strict_bam_depth/PRJBCH/r146.depth.txt,0.9997372742200328,21451.523481116583,2924.0
PRJBCH,r251,../data/processed_data/lofreq_strict_bam_depth/PRJBCH/r251.depth.txt,1.0,52459.42706075533,27296.0
PRJBCH,r131,../data/processed_data/lofreq_strict_bam_depth/PRJBCH/r131.depth.txt,1.0,45609.19855500821,7922.0
PRJBCH,r121,../data/processed_data/lofreq_strict_bam_depth/PRJBCH/r121.depth.txt,1.0,11102.956912972086,1664.0
PRJBCH,r234,../data/processed_data/lofreq_strict_bam_depth/PRJBCH/r234.depth.txt,0.9997372742200328,36147.68407224959,19229.0
PRJBCH,r199,../data/processed_data/lofreq_strict_bam_depth/PRJBCH/r199.depth.txt,0.9758292282430212,14499.243349753697,2777.0
PRJBCH,r118,../data/processed_data/lofreq_strict_bam_depth/PRJBCH/r118.depth.txt,0.992512315270936,17706.789819376027,8733.0
PRJBCH,r204,../data/processed_data/lofreq_strict_bam_depth/PRJBCH/r204.depth.txt,1.0,44274.01110016421,10064.0
PRJBCH,r096,../data/processed_data/lofreq_strict_bam_depth/PRJBCH/r096.depth.txt,0.9100821018062396,3145.650706075533,1550.0
PRJBCH,r227,../data/processed_data/lofreq_strict_bam_depth/PRJBCH/r227.depth.txt,0.9999343185550084,48200.8833497537,29864.0
PRJBCH,r149,../data/processed_data/lofreq_strict_bam_depth/PRJBCH/r149.depth.txt,0.9917241379310344,36742.32893267652,5424.0
PRJBCH,r159,../data/processed_data/lofreq_strict_bam_depth/PRJBCH/r159.depth.txt,1.0,32095.695172413794,13124.0
PRJBCH,r169,../data/processed_data/lofreq_strict_bam_depth/PRJBCH/r169.depth.txt,1.0,77260.34995073892,14877.0
PRJBCH,r231,../data/processed_data/lofreq_strict_bam_depth/PRJBCH/r231.depth.txt,1.0,28685.761116584566,3958.0
PRJBCH,r114,../data/processed_data/lofreq_strict_bam_depth/PRJBCH/r114.depth.txt,1.0,77394.19776683087,15148.0
PRJBCH,r172,../data/processed_data/lofreq_strict_bam_depth/PRJBCH/r172.depth.txt,0.988768472906404,16993.78252873563,2435.0
PRJBCH,r113,../data/processed_data/lofreq_strict_bam_depth/PRJBCH/r113.depth.txt,0.9894909688013136,34731.95054187192,7671.0
PRJBCH,r229,../data/processed_data/lofreq_strict_bam_depth/PRJBCH/r229.depth.txt,1.0,68902.43914614122,17375.0
PRJBCH,r089,../data/processed_data/lofreq_strict_bam_depth/PRJBCH/r089.depth.txt,1.0,15754.735369458129,9820.0
PRJBCH,r175,../data/processed_data/lofreq_strict_bam_depth/PRJBCH/r175.depth.txt,1.0,74665.58903119869,11139.0
PRJBCH,r093,../data/processed_data/lofreq_strict_bam_depth/PRJBCH/r093.depth.txt,0.9427914614121512,10131.703251231527,1220.0
PRJBCH,r018,../data/processed_data/lofreq_strict_bam_depth/PRJBCH/r018.depth.txt,1.0,61884.25261083744,15910.0
PRJBCH,r162,../data/processed_data/lofreq_strict_bam_depth/PRJBCH/r162.depth.txt,1.0,5483.112972085386,3139.0
PRJBCH,r082,../data/processed_data/lofreq_strict_bam_depth/PRJBCH/r082.depth.txt,1.0,8650.697733990148,1300.0
PRJBCH,r165,../data/processed_data/lofreq_strict_bam_depth/PRJBCH/r165.depth.txt,1.0,67877.67034482758,27139.0
PRJBCH,r240,../data/processed_data/lofreq_strict_bam_depth/PRJBCH/r240.depth.txt,0.963087027914614,8732.857996715928,1024.0
PRJBCH,r168,../data/processed_data/lofreq_strict_bam_depth/PRJBCH/r168.depth.txt,1.0,82055.53339901478,13127.0
PRJEB34042,ERR10813698,../data/processed_data/lofreq_strict_bam_depth/PRJEB34042/ERR10813698.depth.txt,0.9959277504105092,5462.992118226601,1364.0
PRJEB34042,ERR10813508,../data/processed_data/lofreq_strict_bam_depth/PRJEB34042/ERR10813508.depth.txt,0.998423645320197,6103.686830870279,1454.0
PRJEB34042,ERR10812990,../data/processed_data/lofreq_strict_bam_depth/PRJEB34042/ERR10812990.depth.txt,0.999343185550082,11371.95435139573,2825.0
PRJEB34042,ERR10813716,../data/processed_data/lofreq_strict_bam_depth/PRJEB34042/ERR10813716.depth.txt,0.999343185550082,5764.295566502463,2188.0
PRJEB34042,ERR10813185,../data/processed_data/lofreq_strict_bam_depth/PRJEB34042/ERR10813185.depth.txt,0.9416748768472908,1011.456026272578,631.0
PRJEB34042,ERR10813297,../data/processed_data/lofreq_strict_bam_depth/PRJEB34042/ERR10813297.depth.txt,0.9866009852216748,4498.734712643678,1669.0
PRJEB34042,ERR10813646,../data/processed_data/lofreq_strict_bam_depth/PRJEB34042/ERR10813646.depth.txt,0.9448275862068966,1920.0231198686367,788.0
PRJEB34042,ERR10813166,../data/processed_data/lofreq_strict_bam_depth/PRJEB34042/ERR10813166.depth.txt,0.9998686371100164,10167.041116584563,6132.0
PRJEB34042,ERR10813732,../data/processed_data/lofreq_strict_bam_depth/PRJEB34042/ERR10813732.depth.txt,0.9999343185550084,8309.684006568144,2650.0
PRJEB34042,ERR10812997,../data/processed_data/lofreq_strict_bam_depth/PRJEB34042/ERR10812997.depth.txt,1.0,20531.326765188835,9383.0
PRJEB34042,ERR10813598,../data/processed_data/lofreq_strict_bam_depth/PRJEB34042/ERR10813598.depth.txt,1.0,34868.67986863711,11246.0
PRJEB34042,ERR10813420,../data/processed_data/lofreq_strict_bam_depth/PRJEB34042/ERR10813420.depth.txt,0.9186206896551724,1438.1667651888342,630.0
PRJEB34042,ERR10813464,../data/processed_data/lofreq_strict_bam_depth/PRJEB34042/ERR10813464.depth.txt,0.998423645320197,9568.765123152709,1883.0
PRJEB34042,ERR10813177,../data/processed_data/lofreq_strict_bam_depth/PRJEB34042/ERR10813177.depth.txt,0.990673234811166,4971.27724137931,1669.0
PRJEB34042,ERR10813604,../data/processed_data/lofreq_strict_bam_depth/PRJEB34042/ERR10813604.depth.txt,0.9929064039408868,1522.0271264367816,875.0
PRJEB34042,ERR10813456,../data/processed_data/lofreq_strict_bam_depth/PRJEB34042/ERR10813456.depth.txt,1.0,12052.030082101806,2474.0
PRJEB34042,ERR10812991,../data/processed_data/lofreq_strict_bam_depth/PRJEB34042/ERR10812991.depth.txt,1.0,17300.31382594417,5715.0
PRJEB34042,ERR10813032,../data/processed_data/lofreq_strict_bam_depth/PRJEB34042/ERR10813032.depth.txt,0.9894252873563218,3693.167487684729,1625.0
PRJEB34042,ERR10813392,../data/processed_data/lofreq_strict_bam_depth/PRJEB34042/ERR10813392.depth.txt,1.0,6729.990344827586,5155.0
PRJEB34042,ERR10813664,../data/processed_data/lofreq_strict_bam_depth/PRJEB34042/ERR10813664.depth.txt,0.9672906403940886,1911.8780952380955,903.0
PRJEB34042,ERR10813631,../data/processed_data/lofreq_strict_bam_depth/PRJEB34042/ERR10813631.depth.txt,1.0,95953.254909688,15641.0
PRJEB34042,ERR10813707,../data/processed_data/lofreq_strict_bam_depth/PRJEB34042/ERR10813707.depth.txt,1.0,137664.29517241378,30155.0
PRJEB34042,ERR10813430,../data/processed_data/lofreq_strict_bam_depth/PRJEB34042/ERR10813430.depth.txt,0.9997372742200328,57164.11658456486,6750.0
PRJEB34042,ERR10813637,../data/processed_data/lofreq_strict_bam_depth/PRJEB34042/ERR10813637.depth.txt,0.9990147783251232,5397.735763546798,1675.0
PRJEB34042,ERR10813630,../data/processed_data/lofreq_strict_bam_depth/PRJEB34042/ERR10813630.depth.txt,0.9988834154351396,2748.660492610837,1483.0
PRJEB34042,ERR10813488,../data/processed_data/lofreq_strict_bam_depth/PRJEB34042/ERR10813488.depth.txt,0.9971100164203612,9496.903776683088,1906.0
PRJEB34042,ERR10813616,../data/processed_data/lofreq_strict_bam_depth/PRJEB34042/ERR10813616.depth.txt,0.9990147783251232,3023.1490311986863,1406.0
PRJEB34042,ERR10813451,../data/processed_data/lofreq_strict_bam_depth/PRJEB34042/ERR10813451.depth.txt,1.0,57263.97937602627,20074.0
PRJEB34042,ERR10813699,../data/processed_data/lofreq_strict_bam_depth/PRJEB34042/ERR10813699.depth.txt,0.9407553366174056,1514.0201642036125,801.0
PRJEB34042,ERR10813063,../data/processed_data/lofreq_strict_bam_depth/PRJEB34042/ERR10813063.depth.txt,0.9741871921182266,2022.263054187192,1037.0
PRJEB34042,ERR10812892,../data/processed_data/lofreq_strict_bam_depth/PRJEB34042/ERR10812892.depth.txt,1.0,328952.9135632184,30084.0
PRJEB34042,ERR10812956,../data/processed_data/lofreq_strict_bam_depth/PRJEB34042/ERR10812956.depth.txt,1.0,19332.165320197044,4463.0
PRJEB34042,ERR10813048,../data/processed_data/lofreq_strict_bam_depth/PRJEB34042/ERR10813048.depth.txt,0.959343185550082,3191.5102791461413,1134.0
PRJEB34042,ERR10813558,../data/processed_data/lofreq_strict_bam_depth/PRJEB34042/ERR10813558.depth.txt,0.9935632183908046,2715.2941871921184,1552.0
PRJEB34042,ERR10812876,../data/processed_data/lofreq_strict_bam_depth/PRJEB34042/ERR10812876.depth.txt,0.9041050903119868,9222.060952380953,1175.0
PRJEB34042,ERR10813468,../data/processed_data/lofreq_strict_bam_depth/PRJEB34042/ERR10813468.depth.txt,0.9999343185550084,9013.184236453202,3520.0
PRJEB34042,ERR10813179,../data/processed_data/lofreq_strict_bam_depth/PRJEB34042/ERR10813179.depth.txt,0.9817405582922824,4130.393234811166,1146.0
PRJEB34042,ERR10813483,../data/processed_data/lofreq_strict_bam_depth/PRJEB34042/ERR10813483.depth.txt,1.0,35659.16052545156,12140.0
PRJEB34042,ERR10813051,../data/processed_data/lofreq_strict_bam_depth/PRJEB34042/ERR10813051.depth.txt,0.9042364532019704,2467.8202298850574,752.0
PRJEB34042,ERR10813505,../data/processed_data/lofreq_strict_bam_depth/PRJEB34042/ERR10813505.depth.txt,1.0,21893.14935960591,5931.0
PRJEB34042,ERR10813580,../data/processed_data/lofreq_strict_bam_depth/PRJEB34042/ERR10813580.depth.txt,1.0,23043.973727422,6174.0
PRJEB34042,ERR10812898,../data/processed_data/lofreq_strict_bam_depth/PRJEB34042/ERR10812898.depth.txt,0.9999343185550084,48394.76571428571,8748.0
PRJEB34042,ERR10812928,../data/processed_data/lofreq_strict_bam_depth/PRJEB34042/ERR10812928.depth.txt,0.9416091954022988,2029.3381280788176,760.0
PRJEB34042,ERR10813686,../data/processed_data/lofreq_strict_bam_depth/PRJEB34042/ERR10813686.depth.txt,1.0,14174.40577996716,3104.0
PRJEB34042,ERR10813098,../data/processed_data/lofreq_strict_bam_depth/PRJEB34042/ERR10813098.depth.txt,0.999343185550082,22475.271001642035,3720.0
PRJEB34042,ERR10813019,../data/processed_data/lofreq_strict_bam_depth/PRJEB34042/ERR10813019.depth.txt,0.9892282430213464,4301.682430213465,1514.0
PRJEB34042,ERR10813579,../data/processed_data/lofreq_strict_bam_depth/PRJEB34042/ERR10813579.depth.txt,0.9999343185550084,8486.383908045977,2693.0
PRJEB34042,ERR10813173,../data/processed_data/lofreq_strict_bam_depth/PRJEB34042/ERR10813173.depth.txt,0.999408866995074,7295.1802955665025,3219.0
PRJEB34042,ERR10813100,../data/processed_data/lofreq_strict_bam_depth/PRJEB34042/ERR10813100.depth.txt,0.9169786535303776,4244.719934318555,763.0
PRJEB34042,ERR10813572,../data/processed_data/lofreq_strict_bam_depth/PRJEB34042/ERR10813572.depth.txt,0.9174384236453202,4964.878226600985,718.0
PRJEB34042,ERR10813495,../data/processed_data/lofreq_strict_bam_depth/PRJEB34042/ERR10813495.depth.txt,0.9998686371100164,15782.17234811166,4896.0
PRJEB34042,ERR10813459,../data/processed_data/lofreq_strict_bam_depth/PRJEB34042/ERR10813459.depth.txt,1.0,33331.341543513954,4945.0
PRJEB34042,ERR10813514,../data/processed_data/lofreq_strict_bam_depth/PRJEB34042/ERR10813514.depth.txt,0.9999343185550084,22091.894909688013,5961.0
PRJEB34042,ERR10813607,../data/processed_data/lofreq_strict_bam_depth/PRJEB34042/ERR10813607.depth.txt,0.9944827586206896,8036.926305418719,2260.0
PRJEB34042,ERR10813589,../data/processed_data/lofreq_strict_bam_depth/PRJEB34042/ERR10813589.depth.txt,1.0,31652.125057471265,11200.0
PRJEB34042,ERR10813418,../data/processed_data/lofreq_strict_bam_depth/PRJEB34042/ERR10813418.depth.txt,0.9351067323481116,2101.3878489326767,645.0
PRJEB34042,ERR10813602,../data/processed_data/lofreq_strict_bam_depth/PRJEB34042/ERR10813602.depth.txt,0.98935960591133,7590.747126436781,1388.0
PRJEB34042,ERR10813077,../data/processed_data/lofreq_strict_bam_depth/PRJEB34042/ERR10813077.depth.txt,0.999343185550082,15980.59973727422,3752.0
PRJEB34042,ERR10813504,../data/processed_data/lofreq_strict_bam_depth/PRJEB34042/ERR10813504.depth.txt,0.9999343185550084,10208.179441707718,3106.0
PRJEB34042,ERR10813443,../data/processed_data/lofreq_strict_bam_depth/PRJEB34042/ERR10813443.depth.txt,0.9657799671592776,2829.708571428572,867.0
PRJEB34042,ERR10813403,../data/processed_data/lofreq_strict_bam_depth/PRJEB34042/ERR10813403.depth.txt,0.9739901477832512,1605.3560591133005,870.0
PRJEB34042,ERR10813452,../data/processed_data/lofreq_strict_bam_depth/PRJEB34042/ERR10813452.depth.txt,0.9999343185550084,28892.641116584564,5482.0
PRJEB34042,ERR10813648,../data/processed_data/lofreq_strict_bam_depth/PRJEB34042/ERR10813648.depth.txt,0.9988177339901478,43047.2039408867,3660.0
PRJEB34042,ERR10812932,../data/processed_data/lofreq_strict_bam_depth/PRJEB34042/ERR10812932.depth.txt,0.999343185550082,6647.406174055829,3541.0
PRJEB34042,ERR10813634,../data/processed_data/lofreq_strict_bam_depth/PRJEB34042/ERR10813634.depth.txt,1.0,48187.21720853859,8981.0
PRJEB34042,ERR10813333,../data/processed_data/lofreq_strict_bam_depth/PRJEB34042/ERR10813333.depth.txt,0.987192118226601,8210.178456486043,1607.0
PRJEB34042,ERR10812967,../data/processed_data/lofreq_strict_bam_depth/PRJEB34042/ERR10812967.depth.txt,0.999408866995074,21315.59835796388,2055.0
PRJEB34042,ERR10813531,../data/processed_data/lofreq_strict_bam_depth/PRJEB34042/ERR10813531.depth.txt,0.9999343185550084,22272.29392446634,3853.0
PRJEB34042,ERR10813094,../data/processed_data/lofreq_strict_bam_depth/PRJEB34042/ERR10813094.depth.txt,1.0,72404.30325123153,10851.0
PRJEB34042,ERR10813258,../data/processed_data/lofreq_strict_bam_depth/PRJEB34042/ERR10813258.depth.txt,0.9978325123152708,17832.04420361248,3079.0
PRJEB34042,ERR10813352,../data/processed_data/lofreq_strict_bam_depth/PRJEB34042/ERR10813352.depth.txt,0.996847290640394,9583.575500821018,2212.0
PRJEB34042,ERR10813553,../data/processed_data/lofreq_strict_bam_depth/PRJEB34042/ERR10813553.depth.txt,1.0,106406.82403940886,15923.0
PRJEB34042,ERR10813357,../data/processed_data/lofreq_strict_bam_depth/PRJEB34042/ERR10813357.depth.txt,0.9876518883415436,8162.339507389162,1438.0
PRJEB34042,ERR10813682,../data/processed_data/lofreq_strict_bam_depth/PRJEB34042/ERR10813682.depth.txt,0.999343185550082,8501.212873563218,2697.0
PRJEB34042,ERR10813644,../data/processed_data/lofreq_strict_bam_depth/PRJEB34042/ERR10813644.depth.txt,0.999343185550082,23207.63724137931,2810.0
PRJEB34042,ERR10813703,../data/processed_data/lofreq_strict_bam_depth/PRJEB34042/ERR10813703.depth.txt,0.9999343185550084,18579.580886699507,5014.0
PRJEB34042,ERR10813084,../data/processed_data/lofreq_strict_bam_depth/PRJEB34042/ERR10813084.depth.txt,0.9121182266009852,2207.0292282430214,696.0
PRJEB34042,ERR10813435,../data/processed_data/lofreq_strict_bam_depth/PRJEB34042/ERR10813435.depth.txt,1.0,27240.94679802956,4706.0
PRJEB34042,ERR10813215,../data/processed_data/lofreq_strict_bam_depth/PRJEB34042/ERR10813215.depth.txt,0.9134318555008212,4692.766371100164,691.0
PRJEB34042,ERR10813512,../data/processed_data/lofreq_strict_bam_depth/PRJEB34042/ERR10813512.depth.txt,0.937536945812808,1084.8816420361247,770.0
PRJEB34042,ERR10813506,../data/processed_data/lofreq_strict_bam_depth/PRJEB34042/ERR10813506.depth.txt,0.971231527093596,6426.952643678161,1162.0
PRJEB34042,ERR10813494,../data/processed_data/lofreq_strict_bam_depth/PRJEB34042/ERR10813494.depth.txt,0.9408866995073892,6882.535697865353,924.0
PRJEB34042,ERR10813712,../data/processed_data/lofreq_strict_bam_depth/PRJEB34042/ERR10813712.depth.txt,1.0,25344.045845648605,16374.0
PRJEB34042,ERR10813142,../data/processed_data/lofreq_strict_bam_depth/PRJEB34042/ERR10813142.depth.txt,0.9572413793103448,2130.84197044335,767.0
PRJEB34042,ERR10813529,../data/processed_data/lofreq_strict_bam_depth/PRJEB34042/ERR10813529.depth.txt,0.9999343185550084,4598.213464696223,3053.0
PRJEB34042,ERR10813573,../data/processed_data/lofreq_strict_bam_depth/PRJEB34042/ERR10813573.depth.txt,0.999408866995074,10344.170114942528,2905.0
PRJEB34042,ERR10813132,../data/processed_data/lofreq_strict_bam_depth/PRJEB34042/ERR10813132.depth.txt,0.9739901477832512,24522.93175697865,1904.0
PRJEB34042,ERR10813433,../data/processed_data/lofreq_strict_bam_depth/PRJEB34042/ERR10813433.depth.txt,1.0,32099.60597701149,4398.0
PRJEB34042,ERR10813450,../data/processed_data/lofreq_strict_bam_depth/PRJEB34042/ERR10813450.depth.txt,0.9990147783251232,10290.142003284072,1923.0
PRJEB34042,ERR10813413,../data/processed_data/lofreq_strict_bam_depth/PRJEB34042/ERR10813413.depth.txt,1.0,110628.71862068966,76864.0
PRJEB34042,ERR10812923,../data/processed_data/lofreq_strict_bam_depth/PRJEB34042/ERR10812923.depth.txt,0.999343185550082,15478.862200328407,5030.0
PRJEB34042,ERR10813235,../data/processed_data/lofreq_strict_bam_depth/PRJEB34042/ERR10813235.depth.txt,0.9942857142857144,14355.583251231526,1753.0
PRJEB34042,ERR10813178,../data/processed_data/lofreq_strict_bam_depth/PRJEB34042/ERR10813178.depth.txt,1.0,17933.706338259442,5511.0
PRJEB34042,ERR10813251,../data/processed_data/lofreq_strict_bam_depth/PRJEB34042/ERR10813251.depth.txt,0.9713628899835796,6820.8416420361245,1193.0
PRJEB34042,ERR10812999,../data/processed_data/lofreq_strict_bam_depth/PRJEB34042/ERR10812999.depth.txt,0.999408866995074,83323.67553366174,6995.0
PRJEB34042,ERR10813111,../data/processed_data/lofreq_strict_bam_depth/PRJEB34042/ERR10813111.depth.txt,0.999343185550082,60696.35908045977,5297.0
PRJEB34042,ERR10813536,../data/processed_data/lofreq_strict_bam_depth/PRJEB34042/ERR10813536.depth.txt,0.9986863711001642,27343.123875205256,3004.0
PRJEB34042,ERR10813567,../data/processed_data/lofreq_strict_bam_depth/PRJEB34042/ERR10813567.depth.txt,0.9673563218390804,8729.306272577996,1215.0
PRJEB34042,ERR10813372,../data/processed_data/lofreq_strict_bam_depth/PRJEB34042/ERR10813372.depth.txt,1.0,8572.883152709359,2129.0
PRJEB34042,ERR10813694,../data/processed_data/lofreq_strict_bam_depth/PRJEB34042/ERR10813694.depth.txt,0.9945484400656814,7126.651559934318,1481.0
PRJEB34042,ERR10813691,../data/processed_data/lofreq_strict_bam_depth/PRJEB34042/ERR10813691.depth.txt,1.0,13075.4681773399,5771.0
PRJEB34042,ERR10813687,../data/processed_data/lofreq_strict_bam_depth/PRJEB34042/ERR10813687.depth.txt,0.9802955665024632,5065.8416420361245,1114.0
PRJEB34042,ERR10813389,../data/processed_data/lofreq_strict_bam_depth/PRJEB34042/ERR10813389.depth.txt,1.0,32056.638489326764,7100.0
PRJEB34042,ERR10813578,../data/processed_data/lofreq_strict_bam_depth/PRJEB34042/ERR10813578.depth.txt,1.0,67705.6202955665,38582.0
PRJEB34042,ERR10813293,../data/processed_data/lofreq_strict_bam_depth/PRJEB34042/ERR10813293.depth.txt,0.9847619047619048,9321.28472906404,1642.0
PRJEB34042,ERR10813467,../data/processed_data/lofreq_strict_bam_depth/PRJEB34042/ERR10813467.depth.txt,1.0,34944.19829228243,15375.0
PRJEB34042,ERR10813214,../data/processed_data/lofreq_strict_bam_depth/PRJEB34042/ERR10813214.depth.txt,0.9916584564860428,6433.965320197044,1842.0
PRJEB34042,ERR10813406,../data/processed_data/lofreq_strict_bam_depth/PRJEB34042/ERR10813406.depth.txt,0.9971100164203612,21502.207422003285,1749.0
PRJEB34042,ERR10813034,../data/processed_data/lofreq_strict_bam_depth/PRJEB34042/ERR10813034.depth.txt,1.0,32811.2033497537,11466.0
PRJEB34042,ERR10813183,../data/processed_data/lofreq_strict_bam_depth/PRJEB34042/ERR10813183.depth.txt,0.98495894909688,5248.616551724138,1784.0
PRJEB34042,ERR10813564,../data/processed_data/lofreq_strict_bam_depth/PRJEB34042/ERR10813564.depth.txt,1.0,16942.951527093595,10865.0
PRJEB34042,ERR10813380,../data/processed_data/lofreq_strict_bam_depth/PRJEB34042/ERR10813380.depth.txt,0.9999343185550084,59983.32269293925,13677.0
PRJEB34042,ERR10813277,../data/processed_data/lofreq_strict_bam_depth/PRJEB34042/ERR10813277.depth.txt,0.9111986863711,2073.346141215107,794.0
PRJEB34042,ERR10813718,../data/processed_data/lofreq_strict_bam_depth/PRJEB34042/ERR10813718.depth.txt,0.9999343185550084,52591.94811165846,13593.0
PRJEB34042,ERR10813248,../data/processed_data/lofreq_strict_bam_depth/PRJEB34042/ERR10813248.depth.txt,1.0,11752.4347454844,4009.0
PRJEB34042,ERR10813527,../data/processed_data/lofreq_strict_bam_depth/PRJEB34042/ERR10813527.depth.txt,0.9999343185550084,19089.3121182266,2997.0
PRJEB34042,ERR10812878,../data/processed_data/lofreq_strict_bam_depth/PRJEB34042/ERR10812878.depth.txt,1.0,81229.53412151067,17455.0
PRJEB34042,ERR10813734,../data/processed_data/lofreq_strict_bam_depth/PRJEB34042/ERR10813734.depth.txt,1.0,436743.66548440064,41373.0
PRJEB34042,ERR10813237,../data/processed_data/lofreq_strict_bam_depth/PRJEB34042/ERR10813237.depth.txt,0.9992118226600986,35752.06338259442,5357.0
PRJEB34042,ERR10813115,../data/processed_data/lofreq_strict_bam_depth/PRJEB34042/ERR10813115.depth.txt,0.996912972085386,15267.466863711,2105.0
PRJEB34042,ERR10813075,../data/processed_data/lofreq_strict_bam_depth/PRJEB34042/ERR10813075.depth.txt,0.986272577996716,3460.022200328407,1174.0
PRJEB34042,ERR10813246,../data/processed_data/lofreq_strict_bam_depth/PRJEB34042/ERR10813246.depth.txt,1.0,115670.62935960593,11929.0
PRJEB34042,ERR10813446,../data/processed_data/lofreq_strict_bam_depth/PRJEB34042/ERR10813446.depth.txt,1.0,208798.6643678161,11806.0
PRJEB34042,ERR10813003,../data/processed_data/lofreq_strict_bam_depth/PRJEB34042/ERR10813003.depth.txt,0.99816091954023,9260.484400656816,2688.0
PRJEB34042,ERR10813124,../data/processed_data/lofreq_strict_bam_depth/PRJEB34042/ERR10813124.depth.txt,0.984039408866995,5800.069359605911,1303.0
PRJEB34042,ERR10813236,../data/processed_data/lofreq_strict_bam_depth/PRJEB34042/ERR10813236.depth.txt,1.0,23788.280328407225,5782.0
PRJEB34042,ERR10813540,../data/processed_data/lofreq_strict_bam_depth/PRJEB34042/ERR10813540.depth.txt,1.0,46140.78403940886,9104.0
PRJEB34042,ERR10813710,../data/processed_data/lofreq_strict_bam_depth/PRJEB34042/ERR10813710.depth.txt,0.9999343185550084,11847.422331691298,4088.0
PRJEB34042,ERR10813661,../data/processed_data/lofreq_strict_bam_depth/PRJEB34042/ERR10813661.depth.txt,1.0,21083.86174055829,9239.0
PRJEB34042,ERR10812986,../data/processed_data/lofreq_strict_bam_depth/PRJEB34042/ERR10812986.depth.txt,0.999408866995074,13341.87711001642,3494.0
PRJEB34042,ERR10813708,../data/processed_data/lofreq_strict_bam_depth/PRJEB34042/ERR10813708.depth.txt,1.0,11704.832249589492,4960.0
PRJEB34042,ERR10813364,../data/processed_data/lofreq_strict_bam_depth/PRJEB34042/ERR10813364.depth.txt,0.9783908045977012,1808.8048604269293,775.0
PRJEB34042,ERR10813684,../data/processed_data/lofreq_strict_bam_depth/PRJEB34042/ERR10813684.depth.txt,0.9999343185550084,3957.227914614121,2402.0
PRJEB34042,ERR10813363,../data/processed_data/lofreq_strict_bam_depth/PRJEB34042/ERR10813363.depth.txt,0.999343185550082,22362.97996715928,3165.0
PRJEB34042,ERR10813717,../data/processed_data/lofreq_strict_bam_depth/PRJEB34042/ERR10813717.depth.txt,0.9640065681444993,1486.848275862069,835.0
PRJEB34042,ERR10813047,../data/processed_data/lofreq_strict_bam_depth/PRJEB34042/ERR10813047.depth.txt,0.9892282430213464,6318.568078817734,1252.0
PRJEB34042,ERR10813570,../data/processed_data/lofreq_strict_bam_depth/PRJEB34042/ERR10813570.depth.txt,0.9999343185550084,31876.016420361248,9191.0
PRJEB34042,ERR10812970,../data/processed_data/lofreq_strict_bam_depth/PRJEB34042/ERR10812970.depth.txt,0.9203284072249588,1562.5265681444992,611.0
PRJEB34042,ERR10813654,../data/processed_data/lofreq_strict_bam_depth/PRJEB34042/ERR10813654.depth.txt,0.9999343185550084,13761.736354679802,3039.0
PRJEB34042,ERR10813059,../data/processed_data/lofreq_strict_bam_depth/PRJEB34042/ERR10813059.depth.txt,0.9986206896551724,23820.94784893268,3642.0
PRJEB34042,ERR10813408,../data/processed_data/lofreq_strict_bam_depth/PRJEB34042/ERR10813408.depth.txt,0.9998686371100164,27174.417011494254,4438.0
PRJEB34042,ERR10813390,../data/processed_data/lofreq_strict_bam_depth/PRJEB34042/ERR10813390.depth.txt,1.0,105026.52630541872,26721.0
PRJNA1037681,SRR26780033,../data/processed_data/lofreq_strict_bam_depth/PRJNA1037681/SRR26780033.depth.txt,0.978128078817734,3971.2059770114943,3343.0
PRJNA1037681,SRR26780115,../data/processed_data/lofreq_strict_bam_depth/PRJNA1037681/SRR26780115.depth.txt,0.9832512315270936,3209.9960591133004,3019.0
PRJNA1037681,SRR26779994,../data/processed_data/lofreq_strict_bam_depth/PRJNA1037681/SRR26779994.depth.txt,0.981215106732348,2771.100623973728,2568.0
PRJNA1037681,SRR26780237,../data/processed_data/lofreq_strict_bam_depth/PRJNA1037681/SRR26780237.depth.txt,0.9890311986863712,9735.15658456486,8495.0
PRJNA1037681,SRR26780127,../data/processed_data/lofreq_strict_bam_depth/PRJNA1037681/SRR26780127.depth.txt,0.933070607553366,1126.599802955665,1018.0
PRJNA1037681,SRR26780219,../data/processed_data/lofreq_strict_bam_depth/PRJNA1037681/SRR26780219.depth.txt,0.9889655172413792,4033.421937602627,3835.0
PRJNA1037681,SRR26780117,../data/processed_data/lofreq_strict_bam_depth/PRJNA1037681/SRR26780117.depth.txt,0.9744499178981938,3532.180492610837,2840.0
PRJNA1037681,SRR26779981,../data/processed_data/lofreq_strict_bam_depth/PRJNA1037681/SRR26779981.depth.txt,0.970049261083744,2788.879146141215,2252.0
PRJNA1037681,SRR26779989,../data/processed_data/lofreq_strict_bam_depth/PRJNA1037681/SRR26779989.depth.txt,0.9632183908045976,1463.0982594417078,1307.0
PRJNA1037681,SRR26779985,../data/processed_data/lofreq_strict_bam_depth/PRJNA1037681/SRR26779985.depth.txt,0.98311986863711,4246.298850574713,3782.0
PRJNA1037681,SRR26780067,../data/processed_data/lofreq_strict_bam_depth/PRJNA1037681/SRR26780067.depth.txt,0.9651888341543514,2184.974646962233,1909.0
PRJNA1037681,SRR26779971,../data/processed_data/lofreq_strict_bam_depth/PRJNA1037681/SRR26779971.depth.txt,0.9789819376026272,2158.789490968801,2024.0
PRJNA1037681,SRR26780187,../data/processed_data/lofreq_strict_bam_depth/PRJNA1037681/SRR26780187.depth.txt,0.9867323481116584,6719.614975369458,6296.0
PRJNA1037681,SRR26779976,../data/processed_data/lofreq_strict_bam_depth/PRJNA1037681/SRR26779976.depth.txt,0.968735632183908,1863.616617405583,1717.0
PRJNA1037681,SRR26780119,../data/processed_data/lofreq_strict_bam_depth/PRJNA1037681/SRR26780119.depth.txt,0.9711658456486044,1971.0371100164205,1779.0
PRJNA1037681,SRR26780205,../data/processed_data/lofreq_strict_bam_depth/PRJNA1037681/SRR26780205.depth.txt,0.9619704433497536,1342.9626929392446,1274.0
PRJNA1037681,SRR26780211,../data/processed_data/lofreq_strict_bam_depth/PRJNA1037681/SRR26780211.depth.txt,0.9770114942528736,1855.6130706075533,1758.0
PRJNA1037681,SRR26780216,../data/processed_data/lofreq_strict_bam_depth/PRJNA1037681/SRR26780216.depth.txt,0.9785221674876848,3196.9240065681447,2539.0
PRJNA1037681,SRR26780050,../data/processed_data/lofreq_strict_bam_depth/PRJNA1037681/SRR26780050.depth.txt,0.9492939244663384,1959.8660755336616,1418.0
PRJNA1037681,SRR26780042,../data/processed_data/lofreq_strict_bam_depth/PRJNA1037681/SRR26780042.depth.txt,0.977536945812808,2599.8589819376025,2392.0
PRJNA1037681,SRR26780034,../data/processed_data/lofreq_strict_bam_depth/PRJNA1037681/SRR26780034.depth.txt,0.975632183908046,1915.295106732348,1808.0
PRJNA1037681,SRR26779973,../data/processed_data/lofreq_strict_bam_depth/PRJNA1037681/SRR26779973.depth.txt,0.9292610837438424,1306.2346141215107,1112.0
PRJNA1037681,SRR26780041,../data/processed_data/lofreq_strict_bam_depth/PRJNA1037681/SRR26780041.depth.txt,0.9795730706075534,4778.622725779967,3853.0
PRJNA1037681,SRR26780044,../data/processed_data/lofreq_strict_bam_depth/PRJNA1037681/SRR26780044.depth.txt,0.9816748768472906,3420.2765188834155,3004.0
PRJNA1037681,SRR26780206,../data/processed_data/lofreq_strict_bam_depth/PRJNA1037681/SRR26780206.depth.txt,0.9892939244663382,9242.72183908046,8807.0
PRJNA1037681,SRR26780126,../data/processed_data/lofreq_strict_bam_depth/PRJNA1037681/SRR26780126.depth.txt,0.9508045977011494,1607.4497865353037,1433.0
PRJNA1037681,SRR26780046,../data/processed_data/lofreq_strict_bam_depth/PRJNA1037681/SRR26780046.depth.txt,0.96,2276.11921182266,1979.0
PRJNA1037681,SRR26780217,../data/processed_data/lofreq_strict_bam_depth/PRJNA1037681/SRR26780217.depth.txt,0.9853530377668308,4589.03527093596,4040.0
PRJNA1037681,SRR26780112,../data/processed_data/lofreq_strict_bam_depth/PRJNA1037681/SRR26780112.depth.txt,0.9748440065681444,2741.080065681445,2479.0
PRJNA1037681,SRR26780110,../data/processed_data/lofreq_strict_bam_depth/PRJNA1037681/SRR26780110.depth.txt,0.976551724137931,3201.8562889983577,2940.0
PRJNA1037681,SRR26780123,../data/processed_data/lofreq_strict_bam_depth/PRJNA1037681/SRR26780123.depth.txt,0.97871921182266,2427.5397701149427,2164.0
PRJNA1037681,SRR26780031,../data/processed_data/lofreq_strict_bam_depth/PRJNA1037681/SRR26780031.depth.txt,0.964334975369458,1343.728210180624,1216.0
PRJNA1037681,SRR26780213,../data/processed_data/lofreq_strict_bam_depth/PRJNA1037681/SRR26780213.depth.txt,0.9797701149425287,2589.078357963875,2418.0
PRJNA1037681,SRR26779980,../data/processed_data/lofreq_strict_bam_depth/PRJNA1037681/SRR26779980.depth.txt,0.9886371100164204,4476.504499178982,4194.0
PRJNA1037681,SRR26780146,../data/processed_data/lofreq_strict_bam_depth/PRJNA1037681/SRR26780146.depth.txt,0.9888998357963876,6605.83986863711,6154.0
PRJNA1037681,SRR26779974,../data/processed_data/lofreq_strict_bam_depth/PRJNA1037681/SRR26779974.depth.txt,0.9801642036124796,4517.613136288998,3891.0
PRJNA1037681,SRR26780048,../data/processed_data/lofreq_strict_bam_depth/PRJNA1037681/SRR26780048.depth.txt,0.9014778325123152,994.7253858784892,893.0
PRJNA1057875,SRR27383097,../data/processed_data/lofreq_strict_bam_depth/PRJNA1057875/SRR27383097.depth.txt,0.9900821018062398,13267.628177339902,11977.0
PRJNA1057875,SRR27383081,../data/processed_data/lofreq_strict_bam_depth/PRJNA1057875/SRR27383081.depth.txt,0.9441707717569786,1755.8011165845649,1588.0
PRJNA1057875,SRR27383073,../data/processed_data/lofreq_strict_bam_depth/PRJNA1057875/SRR27383073.depth.txt,0.986272577996716,11059.445582922825,10299.0
PRJNA1057875,SRR27383079,../data/processed_data/lofreq_strict_bam_depth/PRJNA1057875/SRR27383079.depth.txt,0.9785221674876848,11051.738062397371,9868.0
PRJNA1057875,SRR27383094,../data/processed_data/lofreq_strict_bam_depth/PRJNA1057875/SRR27383094.depth.txt,0.9736617405582922,11362.835205254516,10507.0
PRJNA1057875,SRR27383067,../data/processed_data/lofreq_strict_bam_depth/PRJNA1057875/SRR27383067.depth.txt,0.98752052545156,13697.635205254515,12969.0
PRJNA1057875,SRR27383100,../data/processed_data/lofreq_strict_bam_depth/PRJNA1057875/SRR27383100.depth.txt,0.9861412151067324,8700.088472906404,8031.0
PRJNA1057875,SRR27383072,../data/processed_data/lofreq_strict_bam_depth/PRJNA1057875/SRR27383072.depth.txt,0.9816748768472906,9248.840985221676,8582.0
PRJNA1057875,SRR27383091,../data/processed_data/lofreq_strict_bam_depth/PRJNA1057875/SRR27383091.depth.txt,0.9900821018062398,12227.629885057471,11128.0
PRJNA1057875,SRR27383096,../data/processed_data/lofreq_strict_bam_depth/PRJNA1057875/SRR27383096.depth.txt,0.9766174055829228,8126.127816091954,7290.0
PRJNA1057875,SRR27383093,../data/processed_data/lofreq_strict_bam_depth/PRJNA1057875/SRR27383093.depth.txt,0.9843021346469624,8444.804137931034,7764.0
PRJNA1057875,SRR27383084,../data/processed_data/lofreq_strict_bam_depth/PRJNA1057875/SRR27383084.depth.txt,0.977799671592775,11356.769589490968,10451.0
PRJNA1057875,SRR27383090,../data/processed_data/lofreq_strict_bam_depth/PRJNA1057875/SRR27383090.depth.txt,0.9541543513957308,11898.207684729065,11160.0
PRJNA1057875,SRR27383085,../data/processed_data/lofreq_strict_bam_depth/PRJNA1057875/SRR27383085.depth.txt,0.9701149425287356,12660.371822660098,12014.0
PRJNA1057875,SRR27383095,../data/processed_data/lofreq_strict_bam_depth/PRJNA1057875/SRR27383095.depth.txt,0.9767487684729064,12969.264236453202,11817.0
PRJNA1057875,SRR27383075,../data/processed_data/lofreq_strict_bam_depth/PRJNA1057875/SRR27383075.depth.txt,0.9733990147783252,6370.2413136289,5642.0
PRJNA1057875,SRR27383098,../data/processed_data/lofreq_strict_bam_depth/PRJNA1057875/SRR27383098.depth.txt,0.9296551724137933,1454.0444663382596,1346.0
PRJNA1057875,SRR27383068,../data/processed_data/lofreq_strict_bam_depth/PRJNA1057875/SRR27383068.depth.txt,0.9770114942528736,13214.125582922825,12135.0
PRJNA1057875,SRR27383105,../data/processed_data/lofreq_strict_bam_depth/PRJNA1057875/SRR27383105.depth.txt,0.9650574712643678,12788.30870279146,11781.0
PRJNA1057875,SRR27383078,../data/processed_data/lofreq_strict_bam_depth/PRJNA1057875/SRR27383078.depth.txt,0.9371428571428572,12481.252545155994,10874.0
PRJNA1057875,SRR27383077,../data/processed_data/lofreq_strict_bam_depth/PRJNA1057875/SRR27383077.depth.txt,0.9380623973727422,5525.857274220033,4888.0
PRJNA1057875,SRR27383065,../data/processed_data/lofreq_strict_bam_depth/PRJNA1057875/SRR27383065.depth.txt,0.9544827586206897,9804.288538587847,9039.0
PRJNA1057875,SRR27383104,../data/processed_data/lofreq_strict_bam_depth/PRJNA1057875/SRR27383104.depth.txt,0.9852216748768472,10622.56223316913,9940.0
PRJNA1057875,SRR27383082,../data/processed_data/lofreq_strict_bam_depth/PRJNA1057875/SRR27383082.depth.txt,0.9247947454844008,15562.297274220033,13636.0
PRJNA1057875,SRR27383080,../data/processed_data/lofreq_strict_bam_depth/PRJNA1057875/SRR27383080.depth.txt,0.9657142857142856,12557.185221674878,12012.0
PRJNA1057875,SRR27383076,../data/processed_data/lofreq_strict_bam_depth/PRJNA1057875/SRR27383076.depth.txt,0.91376026272578,10995.656748768472,9280.0
PRJNA1057875,SRR27383101,../data/processed_data/lofreq_strict_bam_depth/PRJNA1057875/SRR27383101.depth.txt,0.9888998357963876,12052.3894909688,11564.0
PRJNA1057875,SRR27383064,../data/processed_data/lofreq_strict_bam_depth/PRJNA1057875/SRR27383064.depth.txt,0.990016420361248,10219.88052545156,9209.0
PRJNA1057875,SRR27383102,../data/processed_data/lofreq_strict_bam_depth/PRJNA1057875/SRR27383102.depth.txt,0.990016420361248,13305.2386863711,12175.0
PRJNA1057875,SRR27383083,../data/processed_data/lofreq_strict_bam_depth/PRJNA1057875/SRR27383083.depth.txt,0.9586863711001642,14449.73116584565,13441.0
PRJNA1057875,SRR27383088,../data/processed_data/lofreq_strict_bam_depth/PRJNA1057875/SRR27383088.depth.txt,0.973727422003284,11063.118752052544,10234.0
PRJNA1057875,SRR27383103,../data/processed_data/lofreq_strict_bam_depth/PRJNA1057875/SRR27383103.depth.txt,0.9732019704433498,11971.83816091954,10644.0
PRJNA1057875,SRR27383092,../data/processed_data/lofreq_strict_bam_depth/PRJNA1057875/SRR27383092.depth.txt,0.986206896551724,12738.858456486045,11687.0
PRJNA1057875,SRR27383089,../data/processed_data/lofreq_strict_bam_depth/PRJNA1057875/SRR27383089.depth.txt,0.9877175697865354,10640.61550082102,9595.0
PRJNA1130896,SRR29692892,../data/processed_data/lofreq_strict_bam_depth/PRJNA1130896/SRR29692892.depth.txt,0.9961247947454844,6261.801510673235,5155.0
PRJNA1130896,SRR29692989,../data/processed_data/lofreq_strict_bam_depth/PRJNA1130896/SRR29692989.depth.txt,0.9961247947454844,4124.6498522167485,3385.0
PRJNA1130896,SRR29692875,../data/processed_data/lofreq_strict_bam_depth/PRJNA1130896/SRR29692875.depth.txt,0.9967816091954024,9685.483612479477,7669.0
PRJNA1130896,SRR29692881,../data/processed_data/lofreq_strict_bam_depth/PRJNA1130896/SRR29692881.depth.txt,0.9894252873563218,5383.989556650246,3339.0
PRJNA1130896,SRR29692984,../data/processed_data/lofreq_strict_bam_depth/PRJNA1130896/SRR29692984.depth.txt,0.9746469622331692,2210.905484400657,1250.0
PRJNA1130896,SRR29679728,../data/processed_data/lofreq_strict_bam_depth/PRJNA1130896/SRR29679728.depth.txt,0.9921182266009853,8143.270935960591,6028.0
PRJNA1130896,SRR29692935,../data/processed_data/lofreq_strict_bam_depth/PRJNA1130896/SRR29692935.depth.txt,0.9664367816091954,2679.382594417077,1730.0
PRJNA1130896,SRR29679720,../data/processed_data/lofreq_strict_bam_depth/PRJNA1130896/SRR29679720.depth.txt,0.9802298850574712,3100.831198686371,2320.0
PRJNA1130896,SRR29692982,../data/processed_data/lofreq_strict_bam_depth/PRJNA1130896/SRR29692982.depth.txt,0.9679474548440066,1514.0302134646963,1199.0
PRJNA1130896,SRR29679754,../data/processed_data/lofreq_strict_bam_depth/PRJNA1130896/SRR29679754.depth.txt,0.960656814449918,2253.033825944171,1531.0
PRJNA1130896,SRR29679843,../data/processed_data/lofreq_strict_bam_depth/PRJNA1130896/SRR29679843.depth.txt,0.9965188834154352,9682.788243021349,7052.0
PRJNA1130896,SRR29679721,../data/processed_data/lofreq_strict_bam_depth/PRJNA1130896/SRR29679721.depth.txt,0.9860098522167488,9977.640328407226,4822.0
PRJNA1130896,SRR29692977,../data/processed_data/lofreq_strict_bam_depth/PRJNA1130896/SRR29692977.depth.txt,0.9959934318555008,8910.139770114942,6499.0
PRJNA1130896,SRR29692884,../data/processed_data/lofreq_strict_bam_depth/PRJNA1130896/SRR29692884.depth.txt,0.909688013136289,1192.528604269294,785.0
PRJNA1130896,SRR29679854,../data/processed_data/lofreq_strict_bam_depth/PRJNA1130896/SRR29679854.depth.txt,0.9949425287356322,6612.8298193760265,5032.0
PRJNA1130896,SRR29693057,../data/processed_data/lofreq_strict_bam_depth/PRJNA1130896/SRR29693057.depth.txt,0.9198686371100164,728.7423973727422,555.0
PRJNA1130896,SRR29679738,../data/processed_data/lofreq_strict_bam_depth/PRJNA1130896/SRR29679738.depth.txt,0.9982922824302136,12587.713628899835,10402.0
PRJNA1130896,SRR29692854,../data/processed_data/lofreq_strict_bam_depth/PRJNA1130896/SRR29692854.depth.txt,0.912183908045977,1145.712512315271,763.0
PRJNA1130896,SRR29692873,../data/processed_data/lofreq_strict_bam_depth/PRJNA1130896/SRR29692873.depth.txt,0.9971100164203612,7847.809064039408,7302.0
PRJNA1130896,SRR29692929,../data/processed_data/lofreq_strict_bam_depth/PRJNA1130896/SRR29692929.depth.txt,0.999671592775041,21231.16985221675,16629.0
PRJNA1130896,SRR29679723,../data/processed_data/lofreq_strict_bam_depth/PRJNA1130896/SRR29679723.depth.txt,0.9971100164203612,18670.496354679803,14679.0
PRJNA1130896,SRR29692818,../data/processed_data/lofreq_strict_bam_depth/PRJNA1130896/SRR29692818.depth.txt,0.9018062397372744,887.4500492610838,622.0
PRJNA1130896,SRR29692965,../data/processed_data/lofreq_strict_bam_depth/PRJNA1130896/SRR29692965.depth.txt,0.9920525451559934,7593.937996715927,5393.0
PRJNA1130896,SRR29692857,../data/processed_data/lofreq_strict_bam_depth/PRJNA1130896/SRR29692857.depth.txt,0.9824630541871922,4070.697274220033,2061.0
PRJNA1130896,SRR29679737,../data/processed_data/lofreq_strict_bam_depth/PRJNA1130896/SRR29679737.depth.txt,0.9978981937602628,42252.50009852217,34270.0
PRJNA1130896,SRR29692933,../data/processed_data/lofreq_strict_bam_depth/PRJNA1130896/SRR29692933.depth.txt,0.9879146141215108,7835.645714285714,4684.0
PRJNA1130896,SRR29679809,../data/processed_data/lofreq_strict_bam_depth/PRJNA1130896/SRR29679809.depth.txt,0.996847290640394,14504.623776683087,12146.0
PRJNA1130896,SRR29679830,../data/processed_data/lofreq_strict_bam_depth/PRJNA1130896/SRR29679830.depth.txt,0.9902134646962232,12038.287159277505,9146.0
PRJNA1130896,SRR29679732,../data/processed_data/lofreq_strict_bam_depth/PRJNA1130896/SRR29679732.depth.txt,0.999671592775041,19998.636781609195,18869.0
PRJNA1130896,SRR29693060,../data/processed_data/lofreq_strict_bam_depth/PRJNA1130896/SRR29693060.depth.txt,0.9980295566502464,10233.213990147784,9430.0
PRJNA1130896,SRR29679852,../data/processed_data/lofreq_strict_bam_depth/PRJNA1130896/SRR29679852.depth.txt,0.9965188834154352,12806.287816091954,9072.0
PRJNA1130896,SRR29679823,../data/processed_data/lofreq_strict_bam_depth/PRJNA1130896/SRR29679823.depth.txt,0.9930377668308704,12173.06633825944,8616.0
PRJNA1130896,SRR29692985,../data/processed_data/lofreq_strict_bam_depth/PRJNA1130896/SRR29692985.depth.txt,0.9998029556650246,16116.1147454844,13483.0
PRJNA1130896,SRR29693059,../data/processed_data/lofreq_strict_bam_depth/PRJNA1130896/SRR29693059.depth.txt,0.9880459770114942,5928.882298850574,3236.0
PRJNA1130896,SRR29692941,../data/processed_data/lofreq_strict_bam_depth/PRJNA1130896/SRR29692941.depth.txt,0.9961247947454844,8566.424499178982,6314.0
PRJNA1130896,SRR29692828,../data/processed_data/lofreq_strict_bam_depth/PRJNA1130896/SRR29692828.depth.txt,0.9301149425287356,2695.0868965517243,1607.0
PRJNA1130896,SRR29692887,../data/processed_data/lofreq_strict_bam_depth/PRJNA1130896/SRR29692887.depth.txt,0.9882430213464696,4574.692807881774,2827.0
PRJNA1130896,SRR29692967,../data/processed_data/lofreq_strict_bam_depth/PRJNA1130896/SRR29692967.depth.txt,0.9175697865353036,833.288472906404,540.0
PRJNA1130896,SRR29679713,../data/processed_data/lofreq_strict_bam_depth/PRJNA1130896/SRR29679713.depth.txt,0.9978981937602628,21750.16880131363,17836.0
PRJNA1130896,SRR29679729,../data/processed_data/lofreq_strict_bam_depth/PRJNA1130896/SRR29679729.depth.txt,0.9892939244663382,14282.270738916255,9300.0
PRJNA1130896,SRR29692865,../data/processed_data/lofreq_strict_bam_depth/PRJNA1130896/SRR29692865.depth.txt,0.9854187192118228,3585.8921510673235,1793.0
PRJNA1130896,SRR29692936,../data/processed_data/lofreq_strict_bam_depth/PRJNA1130896/SRR29692936.depth.txt,0.9858128078817734,2026.2466995073887,1583.0
PRJNA1130896,SRR29679712,../data/processed_data/lofreq_strict_bam_depth/PRJNA1130896/SRR29679712.depth.txt,0.9921182266009853,11484.36183908046,7563.0
PRJNA1130896,SRR29693058,../data/processed_data/lofreq_strict_bam_depth/PRJNA1130896/SRR29693058.depth.txt,0.9632840722495896,1773.7184236453202,1236.0
PRJNA1130896,SRR29692974,../data/processed_data/lofreq_strict_bam_depth/PRJNA1130896/SRR29692974.depth.txt,0.988768472906404,2111.1575041050905,1540.0
PRJNA1130896,SRR29679731,../data/processed_data/lofreq_strict_bam_depth/PRJNA1130896/SRR29679731.depth.txt,0.9917241379310344,19086.12886699508,13028.0
PRJNA1130896,SRR29679753,../data/processed_data/lofreq_strict_bam_depth/PRJNA1130896/SRR29679753.depth.txt,0.9992118226600986,27000.21024630541,23653.0
PRJNA1130896,SRR29679836,../data/processed_data/lofreq_strict_bam_depth/PRJNA1130896/SRR29679836.depth.txt,0.9894909688013136,3187.249852216749,2689.0
PRJNA1130896,SRR29692943,../data/processed_data/lofreq_strict_bam_depth/PRJNA1130896/SRR29692943.depth.txt,0.9974384236453202,15499.595467980296,12568.0
PRJNA1130896,SRR29679842,../data/processed_data/lofreq_strict_bam_depth/PRJNA1130896/SRR29679842.depth.txt,0.9724137931034482,1008.6696880131362,818.0
PRJNA1130896,SRR29679706,../data/processed_data/lofreq_strict_bam_depth/PRJNA1130896/SRR29679706.depth.txt,0.9944170771756978,16599.30935960591,13422.0
PRJNA1130896,SRR29679709,../data/processed_data/lofreq_strict_bam_depth/PRJNA1130896/SRR29679709.depth.txt,0.9948768472906404,9441.92,6259.0
PRJNA1130896,SRR29679716,../data/processed_data/lofreq_strict_bam_depth/PRJNA1130896/SRR29679716.depth.txt,0.9795073891625616,4954.016880131363,3267.0
PRJNA1130896,SRR29679851,../data/processed_data/lofreq_strict_bam_depth/PRJNA1130896/SRR29679851.depth.txt,0.996912972085386,21335.30548440066,15205.0
PRJNA1130896,SRR29679833,../data/processed_data/lofreq_strict_bam_depth/PRJNA1130896/SRR29679833.depth.txt,0.9337931034482758,1613.0233825944172,1092.0
PRJNA1130896,SRR29679704,../data/processed_data/lofreq_strict_bam_depth/PRJNA1130896/SRR29679704.depth.txt,0.979047619047619,3749.7626272578,2546.0
PRJNA1130896,SRR29679826,../data/processed_data/lofreq_strict_bam_depth/PRJNA1130896/SRR29679826.depth.txt,0.9894909688013136,13011.891362889985,8529.0
PRJNA1130896,SRR29679874,../data/processed_data/lofreq_strict_bam_depth/PRJNA1130896/SRR29679874.depth.txt,0.9481773399014778,2307.751855500821,1410.0
PRJNA1130896,SRR29692981,../data/processed_data/lofreq_strict_bam_depth/PRJNA1130896/SRR29692981.depth.txt,0.994351395730706,2285.7732676518885,1868.0
PRJNA1130896,SRR29692998,../data/processed_data/lofreq_strict_bam_depth/PRJNA1130896/SRR29692998.depth.txt,0.999343185550082,9013.43408866995,8334.0
PRJNA1130896,SRR29692880,../data/processed_data/lofreq_strict_bam_depth/PRJNA1130896/SRR29692880.depth.txt,0.9969786535303776,13859.466666666667,9607.0
PRJNA1130896,SRR29692928,../data/processed_data/lofreq_strict_bam_depth/PRJNA1130896/SRR29692928.depth.txt,0.9947454844006568,12082.818587848931,8800.0
PRJNA1130896,SRR29692831,../data/processed_data/lofreq_strict_bam_depth/PRJNA1130896/SRR29692831.depth.txt,0.9960591133004926,4960.269885057472,3290.0
PRJNA1130896,SRR29692926,../data/processed_data/lofreq_strict_bam_depth/PRJNA1130896/SRR29692926.depth.txt,0.966896551724138,1163.2269950738917,949.0
PRJNA1130896,SRR29692991,../data/processed_data/lofreq_strict_bam_depth/PRJNA1130896/SRR29692991.depth.txt,0.9986863711001642,11125.404137931037,9860.0
PRJNA1130896,SRR29692975,../data/processed_data/lofreq_strict_bam_depth/PRJNA1130896/SRR29692975.depth.txt,0.9890968801313628,1603.1644006568145,1235.0
PRJNA1130896,SRR29679844,../data/processed_data/lofreq_strict_bam_depth/PRJNA1130896/SRR29679844.depth.txt,0.9389819376026272,1249.6208866995073,922.0
PRJNA1130896,SRR29679837,../data/processed_data/lofreq_strict_bam_depth/PRJNA1130896/SRR29679837.depth.txt,0.9930377668308704,9857.319408866995,6878.0
PRJNA1130896,SRR29692824,../data/processed_data/lofreq_strict_bam_depth/PRJNA1130896/SRR29692824.depth.txt,0.9985550082101806,11356.711133004928,9044.0
PRJNA1130896,SRR29692889,../data/processed_data/lofreq_strict_bam_depth/PRJNA1130896/SRR29692889.depth.txt,0.9957963875205256,4434.04302134647,3292.0
PRJNA1130896,SRR29679864,../data/processed_data/lofreq_strict_bam_depth/PRJNA1130896/SRR29679864.depth.txt,0.9716912972085386,2259.670213464696,1646.0
PRJNA1130896,SRR29679834,../data/processed_data/lofreq_strict_bam_depth/PRJNA1130896/SRR29679834.depth.txt,0.9961247947454844,5037.037044334976,3658.0
PRJNA1130896,SRR29679831,../data/processed_data/lofreq_strict_bam_depth/PRJNA1130896/SRR29679831.depth.txt,0.980623973727422,6554.391527093596,4988.0
PRJNA1130896,SRR29692939,../data/processed_data/lofreq_strict_bam_depth/PRJNA1130896/SRR29692939.depth.txt,0.9975697865353038,8471.618981937603,6868.0
PRJNA1130896,SRR29679814,../data/processed_data/lofreq_strict_bam_depth/PRJNA1130896/SRR29679814.depth.txt,0.9933004926108374,12193.04801313629,7232.0
PRJNA1195144,SRR31760670,../data/processed_data/lofreq_strict_bam_depth/PRJNA1195144/SRR31760670.depth.txt,0.9963218390804598,38800.92216748768,23821.0
PRJNA1195144,SRR31760640,../data/processed_data/lofreq_strict_bam_depth/PRJNA1195144/SRR31760640.depth.txt,1.0,138696.28328407224,102307.0
PRJNA1195144,SRR31760622,../data/processed_data/lofreq_strict_bam_depth/PRJNA1195144/SRR31760622.depth.txt,1.0,61324.33320197045,44362.0
PRJNA1195144,SRR31760674,../data/processed_data/lofreq_strict_bam_depth/PRJNA1195144/SRR31760674.depth.txt,1.0,151937.3591461412,96974.0
PRJNA1195144,SRR31760669,../data/processed_data/lofreq_strict_bam_depth/PRJNA1195144/SRR31760669.depth.txt,1.0,20897.599671592776,11507.0
PRJNA1195144,SRR31760676,../data/processed_data/lofreq_strict_bam_depth/PRJNA1195144/SRR31760676.depth.txt,1.0,47177.39770114943,38210.0
PRJNA1195144,SRR31760610,../data/processed_data/lofreq_strict_bam_depth/PRJNA1195144/SRR31760610.depth.txt,1.0,16603.59842364532,11883.0
PRJNA1195144,SRR31760661,../data/processed_data/lofreq_strict_bam_depth/PRJNA1195144/SRR31760661.depth.txt,1.0,101375.80282430214,85814.0
PRJNA1195144,SRR31760653,../data/processed_data/lofreq_strict_bam_depth/PRJNA1195144/SRR31760653.depth.txt,1.0,366298.6359277504,260303.0
PRJNA1195144,SRR31760623,../data/processed_data/lofreq_strict_bam_depth/PRJNA1195144/SRR31760623.depth.txt,1.0,13216.384564860427,9852.0
PRJNA1195144,SRR31760668,../data/processed_data/lofreq_strict_bam_depth/PRJNA1195144/SRR31760668.depth.txt,1.0,66039.22384236453,52710.0
PRJNA1195144,SRR31760654,../data/processed_data/lofreq_strict_bam_depth/PRJNA1195144/SRR31760654.depth.txt,1.0,81418.34995073892,51057.0
PRJNA1195144,SRR31760675,../data/processed_data/lofreq_strict_bam_depth/PRJNA1195144/SRR31760675.depth.txt,1.0,11962.634548440066,11057.0
PRJNA1195144,SRR31760671,../data/processed_data/lofreq_strict_bam_depth/PRJNA1195144/SRR31760671.depth.txt,1.0,109586.10036124795,56125.0
PRJNA1195144,SRR31760646,../data/processed_data/lofreq_strict_bam_depth/PRJNA1195144/SRR31760646.depth.txt,1.0,81470.37326765188,47963.0
PRJNA1195144,SRR31760662,../data/processed_data/lofreq_strict_bam_depth/PRJNA1195144/SRR31760662.depth.txt,1.0,5300.657536945812,4062.0
PRJNA1195144,SRR31760636,../data/processed_data/lofreq_strict_bam_depth/PRJNA1195144/SRR31760636.depth.txt,1.0,40093.01766830871,24592.0
PRJNA1195144,SRR31760672,../data/processed_data/lofreq_strict_bam_depth/PRJNA1195144/SRR31760672.depth.txt,1.0,32260.80985221675,20798.0
PRJNA1195144,SRR31760666,../data/processed_data/lofreq_strict_bam_depth/PRJNA1195144/SRR31760666.depth.txt,1.0,161885.2660098522,142267.0
PRJNA1195144,SRR31760659,../data/processed_data/lofreq_strict_bam_depth/PRJNA1195144/SRR31760659.depth.txt,1.0,57124.50909688013,30123.0
PRJNA1195144,SRR31760648,../data/processed_data/lofreq_strict_bam_depth/PRJNA1195144/SRR31760648.depth.txt,1.0,10146.9055500821,8315.0
PRJNA1195144,SRR31760649,../data/processed_data/lofreq_strict_bam_depth/PRJNA1195144/SRR31760649.depth.txt,1.0,50929.27947454844,33887.0
PRJNA1195144,SRR31760604,../data/processed_data/lofreq_strict_bam_depth/PRJNA1195144/SRR31760604.depth.txt,1.0,107588.52794745484,64802.0
PRJNA1195144,SRR31760607,../data/processed_data/lofreq_strict_bam_depth/PRJNA1195144/SRR31760607.depth.txt,1.0,6200.152972085386,5015.0
PRJNA1195144,SRR31760658,../data/processed_data/lofreq_strict_bam_depth/PRJNA1195144/SRR31760658.depth.txt,0.9999343185550084,17491.01609195402,13730.0
PRJNA1195144,SRR31760650,../data/processed_data/lofreq_strict_bam_depth/PRJNA1195144/SRR31760650.depth.txt,1.0,301582.5082430213,241397.0
PRJNA1195144,SRR31760667,../data/processed_data/lofreq_strict_bam_depth/PRJNA1195144/SRR31760667.depth.txt,1.0,10534.550147783251,8101.0
PRJNA1195144,SRR31760657,../data/processed_data/lofreq_strict_bam_depth/PRJNA1195144/SRR31760657.depth.txt,1.0,316250.9393103448,239581.0
PRJNA1195144,SRR31760647,../data/processed_data/lofreq_strict_bam_depth/PRJNA1195144/SRR31760647.depth.txt,1.0,8656.27921182266,6993.0
PRJNA1195144,SRR31760673,../data/processed_data/lofreq_strict_bam_depth/PRJNA1195144/SRR31760673.depth.txt,1.0,43137.794022988506,33812.0
PRJNA1195144,SRR31760615,../data/processed_data/lofreq_strict_bam_depth/PRJNA1195144/SRR31760615.depth.txt,1.0,32029.6577996716,22502.0
PRJNA1195144,SRR31760619,../data/processed_data/lofreq_strict_bam_depth/PRJNA1195144/SRR31760619.depth.txt,1.0,30404.22259441708,26527.0
PRJNA1195144,SRR31760645,../data/processed_data/lofreq_strict_bam_depth/PRJNA1195144/SRR31760645.depth.txt,1.0,108178.12853858784,82712.0
PRJNA1195144,SRR31760660,../data/processed_data/lofreq_strict_bam_depth/PRJNA1195144/SRR31760660.depth.txt,1.0,19434.909425287355,9783.0
PRJNA1195144,SRR31760620,../data/processed_data/lofreq_strict_bam_depth/PRJNA1195144/SRR31760620.depth.txt,1.0,83616.90266009852,58799.0
PRJNA1195144,SRR31760652,../data/processed_data/lofreq_strict_bam_depth/PRJNA1195144/SRR31760652.depth.txt,0.9998686371100164,49455.24978653531,41135.0
PRJNA1195144,SRR31760599,../data/processed_data/lofreq_strict_bam_depth/PRJNA1195144/SRR31760599.depth.txt,1.0,110228.48216748767,74290.0
PRJNA1195144,SRR31760602,../data/processed_data/lofreq_strict_bam_depth/PRJNA1195144/SRR31760602.depth.txt,1.0,32883.38220032841,24302.0
PRJNA1195144,SRR31760593,../data/processed_data/lofreq_strict_bam_depth/PRJNA1195144/SRR31760593.depth.txt,1.0,138672.1808866995,85973.0
PRJNA1195144,SRR31760634,../data/processed_data/lofreq_strict_bam_depth/PRJNA1195144/SRR31760634.depth.txt,1.0,19489.70049261084,13815.0
PRJNA1195144,SRR31760635,../data/processed_data/lofreq_strict_bam_depth/PRJNA1195144/SRR31760635.depth.txt,1.0,212082.63540229885,175432.0
PRJNA1195144,SRR31760651,../data/processed_data/lofreq_strict_bam_depth/PRJNA1195144/SRR31760651.depth.txt,1.0,280690.936683087,210636.0
PRJNA1195144,SRR31760664,../data/processed_data/lofreq_strict_bam_depth/PRJNA1195144/SRR31760664.depth.txt,1.0,216067.22082101807,164608.0
PRJNA1195144,SRR31760621,../data/processed_data/lofreq_strict_bam_depth/PRJNA1195144/SRR31760621.depth.txt,1.0,291502.3857471264,208828.0
PRJNA1195144,SRR31760616,../data/processed_data/lofreq_strict_bam_depth/PRJNA1195144/SRR31760616.depth.txt,1.0,387180.92229885055,248650.0
PRJNA438443,SRR6849732,../data/processed_data/lofreq_strict_bam_depth/PRJNA438443/SRR6849732.depth.txt,0.9735960591133004,7744.507454844006,5363.0
PRJNA438443,SRR6849794,../data/processed_data/lofreq_strict_bam_depth/PRJNA438443/SRR6849794.depth.txt,0.9948768472906404,26930.29832512316,25231.0
PRJNA438443,SRR6849721,../data/processed_data/lofreq_strict_bam_depth/PRJNA438443/SRR6849721.depth.txt,0.9735303776683089,8178.980098522167,6041.0
PRJNA438443,SRR6849758,../data/processed_data/lofreq_strict_bam_depth/PRJNA438443/SRR6849758.depth.txt,0.9735303776683089,4004.8116912972087,3462.0
PRJNA438443,SRR6849797,../data/processed_data/lofreq_strict_bam_depth/PRJNA438443/SRR6849797.depth.txt,0.9811494252873564,35151.512315270935,35202.0
PRJNA438443,SRR6849799,../data/processed_data/lofreq_strict_bam_depth/PRJNA438443/SRR6849799.depth.txt,0.992183908045977,26023.302003284072,23479.0
PRJNA438443,SRR6849752,../data/processed_data/lofreq_strict_bam_depth/PRJNA438443/SRR6849752.depth.txt,0.969392446633826,6802.95724137931,3953.0
PRJNA438443,SRR6849618,../data/processed_data/lofreq_strict_bam_depth/PRJNA438443/SRR6849618.depth.txt,0.9948768472906404,36124.17530377668,33374.0
PRJNA438443,SRR6849705,../data/processed_data/lofreq_strict_bam_depth/PRJNA438443/SRR6849705.depth.txt,0.9688013136289,3039.404860426929,2399.0
PRJNA438443,SRR6849743,../data/processed_data/lofreq_strict_bam_depth/PRJNA438443/SRR6849743.depth.txt,0.9786535303776684,7219.751921182266,6231.0
PRJNA438443,SRR6849641,../data/processed_data/lofreq_strict_bam_depth/PRJNA438443/SRR6849641.depth.txt,0.9948768472906404,22481.2020361248,19894.0
PRJNA438443,SRR6849796,../data/processed_data/lofreq_strict_bam_depth/PRJNA438443/SRR6849796.depth.txt,0.9823316912972084,23250.963875205256,20372.0
PRJNA438443,SRR6849647,../data/processed_data/lofreq_strict_bam_depth/PRJNA438443/SRR6849647.depth.txt,0.9948768472906404,25971.33464696224,23180.0
PRJNA438443,SRR6849744,../data/processed_data/lofreq_strict_bam_depth/PRJNA438443/SRR6849744.depth.txt,0.9693267651888342,7799.062134646962,6749.0
PRJNA438443,SRR6849690,../data/processed_data/lofreq_strict_bam_depth/PRJNA438443/SRR6849690.depth.txt,0.9822660098522168,22724.90830870279,18656.0
PRJNA438443,SRR6849761,../data/processed_data/lofreq_strict_bam_depth/PRJNA438443/SRR6849761.depth.txt,0.9686042692939244,6083.597898193761,4120.0
PRJNA438443,SRR6849646,../data/processed_data/lofreq_strict_bam_depth/PRJNA438443/SRR6849646.depth.txt,0.9948768472906404,27577.6046633826,24534.0
PRJNA438443,SRR6849749,../data/processed_data/lofreq_strict_bam_depth/PRJNA438443/SRR6849749.depth.txt,0.9948768472906404,37068.90351395731,34633.0
PRJNA438443,SRR6849782,../data/processed_data/lofreq_strict_bam_depth/PRJNA438443/SRR6849782.depth.txt,0.9647947454844008,6340.850574712644,4147.0
PRJNA438443,SRR6849689,../data/processed_data/lofreq_strict_bam_depth/PRJNA438443/SRR6849689.depth.txt,1.0,26131.00328407225,24070.0
PRJNA438443,SRR6849800,../data/processed_data/lofreq_strict_bam_depth/PRJNA438443/SRR6849800.depth.txt,0.9257799671592776,21546.0557635468,14219.0
PRJNA438443,SRR6849762,../data/processed_data/lofreq_strict_bam_depth/PRJNA438443/SRR6849762.depth.txt,0.9776026272577996,24310.231921182265,20166.0
PRJNA438443,SRR6849681,../data/processed_data/lofreq_strict_bam_depth/PRJNA438443/SRR6849681.depth.txt,1.0,28398.30574712644,25124.0
PRJNA438443,SRR6849665,../data/processed_data/lofreq_strict_bam_depth/PRJNA438443/SRR6849665.depth.txt,0.9768144499178982,18631.409852216748,13708.0
PRJNA438443,SRR6849717,../data/processed_data/lofreq_strict_bam_depth/PRJNA438443/SRR6849717.depth.txt,0.9714285714285714,13730.28472906404,5925.0
PRJNA438443,SRR6849725,../data/processed_data/lofreq_strict_bam_depth/PRJNA438443/SRR6849725.depth.txt,0.9505418719211822,26292.478489326764,11532.0
PRJNA438443,SRR6849631,../data/processed_data/lofreq_strict_bam_depth/PRJNA438443/SRR6849631.depth.txt,0.9696551724137932,11793.175763546798,7753.0
PRJNA438443,SRR6849741,../data/processed_data/lofreq_strict_bam_depth/PRJNA438443/SRR6849741.depth.txt,0.9695238095238096,7119.845188834154,5354.0
PRJNA438443,SRR6849652,../data/processed_data/lofreq_strict_bam_depth/PRJNA438443/SRR6849652.depth.txt,0.9695238095238096,7452.591592775041,6331.0
PRJNA438443,SRR6849695,../data/processed_data/lofreq_strict_bam_depth/PRJNA438443/SRR6849695.depth.txt,0.9671592775041052,8326.249326765188,2027.0
PRJNA438443,SRR6849674,../data/processed_data/lofreq_strict_bam_depth/PRJNA438443/SRR6849674.depth.txt,0.969064039408867,6185.714679802955,4172.0
PRJNA438443,SRR6849687,../data/processed_data/lofreq_strict_bam_depth/PRJNA438443/SRR6849687.depth.txt,0.9822660098522168,21078.26042692939,17172.0
PRJNA438443,SRR6849653,../data/processed_data/lofreq_strict_bam_depth/PRJNA438443/SRR6849653.depth.txt,0.9490968801313628,7769.551198686371,4176.0
PRJNA438443,SRR6849788,../data/processed_data/lofreq_strict_bam_depth/PRJNA438443/SRR6849788.depth.txt,0.9743185550082102,9915.293004926109,7632.0
PRJNA438443,SRR6849730,../data/processed_data/lofreq_strict_bam_depth/PRJNA438443/SRR6849730.depth.txt,0.9692610837438425,7053.942528735633,6087.0
PRJNA438443,SRR6849662,../data/processed_data/lofreq_strict_bam_depth/PRJNA438443/SRR6849662.depth.txt,0.9253858784893269,14855.356912972084,8540.0
PRJNA438443,SRR6849645,../data/processed_data/lofreq_strict_bam_depth/PRJNA438443/SRR6849645.depth.txt,0.9948768472906404,31747.76814449918,31020.0
PRJNA438443,SRR6849718,../data/processed_data/lofreq_strict_bam_depth/PRJNA438443/SRR6849718.depth.txt,0.973727422003284,13526.169786535304,8525.0
PRJNA438443,SRR6849716,../data/processed_data/lofreq_strict_bam_depth/PRJNA438443/SRR6849716.depth.txt,0.973793103448276,17799.188637110015,14509.0
PRJNA438443,SRR6849720,../data/processed_data/lofreq_strict_bam_depth/PRJNA438443/SRR6849720.depth.txt,0.973136288998358,9478.208013136287,5065.0
PRJNA438443,SRR6849639,../data/processed_data/lofreq_strict_bam_depth/PRJNA438443/SRR6849639.depth.txt,0.9632840722495896,19289.363218390805,17046.0
PRJNA438443,SRR6849619,../data/processed_data/lofreq_strict_bam_depth/PRJNA438443/SRR6849619.depth.txt,0.9948768472906404,28631.905221674875,26802.0
PRJNA438443,SRR6849668,../data/processed_data/lofreq_strict_bam_depth/PRJNA438443/SRR6849668.depth.txt,0.9379967159277504,17575.147783251232,11143.0
PRJNA438443,SRR6849664,../data/processed_data/lofreq_strict_bam_depth/PRJNA438443/SRR6849664.depth.txt,0.9395073891625616,28668.41261083744,16060.0
PRJNA438443,SRR6849728,../data/processed_data/lofreq_strict_bam_depth/PRJNA438443/SRR6849728.depth.txt,0.9902791461412151,43767.37451559935,41754.0
PRJNA438443,SRR6849747,../data/processed_data/lofreq_strict_bam_depth/PRJNA438443/SRR6849747.depth.txt,0.9416091954022988,2345.9168472906404,1379.0
PRJNA438443,SRR6849789,../data/processed_data/lofreq_strict_bam_depth/PRJNA438443/SRR6849789.depth.txt,0.973136288998358,8852.96013136289,6095.0
PRJNA438443,SRR6849676,../data/processed_data/lofreq_strict_bam_depth/PRJNA438443/SRR6849676.depth.txt,0.969392446633826,6645.017931034483,3543.0
PRJNA438443,SRR6849731,../data/processed_data/lofreq_strict_bam_depth/PRJNA438443/SRR6849731.depth.txt,0.9948768472906404,33107.39106732348,31256.0
PRJNA438443,SRR6849733,../data/processed_data/lofreq_strict_bam_depth/PRJNA438443/SRR6849733.depth.txt,0.962824302134647,15261.179770114944,4044.0
PRJNA438443,SRR6849737,../data/processed_data/lofreq_strict_bam_depth/PRJNA438443/SRR6849737.depth.txt,0.9725451559934318,7279.434154351396,1922.0
PRJNA438443,SRR6849770,../data/processed_data/lofreq_strict_bam_depth/PRJNA438443/SRR6849770.depth.txt,1.0,33445.547520525455,30122.0
PRJNA438443,SRR6849763,../data/processed_data/lofreq_strict_bam_depth/PRJNA438443/SRR6849763.depth.txt,0.9825944170771757,27437.42377668309,23338.0
PRJNA438443,SRR6849801,../data/processed_data/lofreq_strict_bam_depth/PRJNA438443/SRR6849801.depth.txt,0.961576354679803,22485.102791461413,17862.0
PRJNA438443,SRR6849774,../data/processed_data/lofreq_strict_bam_depth/PRJNA438443/SRR6849774.depth.txt,0.9776683087027914,28125.40958949097,24485.0
PRJNA438443,SRR6849745,../data/processed_data/lofreq_strict_bam_depth/PRJNA438443/SRR6849745.depth.txt,0.9688669950738916,3401.834154351396,2947.0
PRJNA438443,SRR6849633,../data/processed_data/lofreq_strict_bam_depth/PRJNA438443/SRR6849633.depth.txt,0.9695238095238096,8681.457536945813,4128.0
PRJNA438443,SRR6849777,../data/processed_data/lofreq_strict_bam_depth/PRJNA438443/SRR6849777.depth.txt,0.986272577996716,29488.099638752054,28095.0
PRJNA438443,SRR6849785,../data/processed_data/lofreq_strict_bam_depth/PRJNA438443/SRR6849785.depth.txt,0.9490968801313628,5122.7965845648605,1643.0
PRJNA438443,SRR6849673,../data/processed_data/lofreq_strict_bam_depth/PRJNA438443/SRR6849673.depth.txt,0.9632840722495896,1824.20118226601,1326.0
PRJNA438443,SRR6849648,../data/processed_data/lofreq_strict_bam_depth/PRJNA438443/SRR6849648.depth.txt,0.9726765188834154,24028.59185550082,21306.0
PRJNA438443,SRR6849715,../data/processed_data/lofreq_strict_bam_depth/PRJNA438443/SRR6849715.depth.txt,0.97247947454844,6064.114548440066,3379.0
PRJNA438443,SRR6849768,../data/processed_data/lofreq_strict_bam_depth/PRJNA438443/SRR6849768.depth.txt,0.9948768472906404,30696.02522167488,27323.0
PRJNA438443,SRR6849754,../data/processed_data/lofreq_strict_bam_depth/PRJNA438443/SRR6849754.depth.txt,0.9663054187192118,9035.68367816092,4183.0
PRJNA438443,SRR6849766,../data/processed_data/lofreq_strict_bam_depth/PRJNA438443/SRR6849766.depth.txt,0.9505418719211822,22444.4308045977,19668.0
PRJNA438443,SRR6849691,../data/processed_data/lofreq_strict_bam_depth/PRJNA438443/SRR6849691.depth.txt,0.9948768472906404,27077.14706075534,24673.0
PRJNA438443,SRR6849793,../data/processed_data/lofreq_strict_bam_depth/PRJNA438443/SRR6849793.depth.txt,0.9419376026272578,17380.62318555008,12403.0
PRJNA438443,SRR6849781,../data/processed_data/lofreq_strict_bam_depth/PRJNA438443/SRR6849781.depth.txt,0.9948768472906404,37385.80742200329,34949.0
PRJNA438443,SRR6849778,../data/processed_data/lofreq_strict_bam_depth/PRJNA438443/SRR6849778.depth.txt,0.9948768472906404,36779.065615763546,34346.0
PRJNA438443,SRR6849771,../data/processed_data/lofreq_strict_bam_depth/PRJNA438443/SRR6849771.depth.txt,0.9902791461412151,31958.20440065681,28624.0
PRJNA438443,SRR6849764,../data/processed_data/lofreq_strict_bam_depth/PRJNA438443/SRR6849764.depth.txt,0.9822660098522168,29046.706535303776,25555.0
PRJNA438443,SRR6849627,../data/processed_data/lofreq_strict_bam_depth/PRJNA438443/SRR6849627.depth.txt,0.9803612479474548,7622.591067323481,5451.0
PRJNA438443,SRR6849727,../data/processed_data/lofreq_strict_bam_depth/PRJNA438443/SRR6849727.depth.txt,0.9948768472906404,39158.27816091954,36599.0
PRJNA438443,SRR6849753,../data/processed_data/lofreq_strict_bam_depth/PRJNA438443/SRR6849753.depth.txt,0.9742528735632184,7126.114811165846,6500.0
PRJNA438443,SRR6849709,../data/processed_data/lofreq_strict_bam_depth/PRJNA438443/SRR6849709.depth.txt,0.9948768472906404,34072.036124794744,31379.0
PRJNA438443,SRR6849651,../data/processed_data/lofreq_strict_bam_depth/PRJNA438443/SRR6849651.depth.txt,0.9448932676518884,1295.8625287356322,818.0
PRJNA438443,SRR6849772,../data/processed_data/lofreq_strict_bam_depth/PRJNA438443/SRR6849772.depth.txt,0.9107389162561575,21384.414646962232,12132.0
PRJNA438443,SRR6849650,../data/processed_data/lofreq_strict_bam_depth/PRJNA438443/SRR6849650.depth.txt,0.9822660098522168,28211.50495894909,26616.0
PRJNA438443,SRR6849643,../data/processed_data/lofreq_strict_bam_depth/PRJNA438443/SRR6849643.depth.txt,0.9845648604269294,24623.23566502463,21457.0
PRJNA438443,SRR6849660,../data/processed_data/lofreq_strict_bam_depth/PRJNA438443/SRR6849660.depth.txt,0.9693267651888342,7870.710476190477,5236.0
PRJNA438443,SRR6849751,../data/processed_data/lofreq_strict_bam_depth/PRJNA438443/SRR6849751.depth.txt,0.9870607553366174,9474.756387520523,8309.0
PRJNA438443,SRR6849759,../data/processed_data/lofreq_strict_bam_depth/PRJNA438443/SRR6849759.depth.txt,0.9749096880131364,10285.373267651888,3374.0
PRJNA438443,SRR6849711,../data/processed_data/lofreq_strict_bam_depth/PRJNA438443/SRR6849711.depth.txt,0.9823973727422004,25071.18968801313,18420.0
PRJNA438443,SRR6849769,../data/processed_data/lofreq_strict_bam_depth/PRJNA438443/SRR6849769.depth.txt,0.941215106732348,16961.768866995073,10846.0
PRJNA438443,SRR6849692,../data/processed_data/lofreq_strict_bam_depth/PRJNA438443/SRR6849692.depth.txt,0.969983579638752,16615.1881773399,7877.0
PRJNA438443,SRR6849667,../data/processed_data/lofreq_strict_bam_depth/PRJNA438443/SRR6849667.depth.txt,0.9822660098522168,21749.78528735632,17347.0
PRJNA438443,SRR6849656,../data/processed_data/lofreq_strict_bam_depth/PRJNA438443/SRR6849656.depth.txt,0.9679474548440066,1851.562955665025,1645.0
PRJNA438443,SRR6849679,../data/processed_data/lofreq_strict_bam_depth/PRJNA438443/SRR6849679.depth.txt,0.936288998357964,7707.790016420361,4206.0
PRJNA438443,SRR6849713,../data/processed_data/lofreq_strict_bam_depth/PRJNA438443/SRR6849713.depth.txt,0.9738587848932676,8510.635599343186,5991.0
PRJNA438443,SRR6849703,../data/processed_data/lofreq_strict_bam_depth/PRJNA438443/SRR6849703.depth.txt,0.910607553366174,21102.485845648604,11494.0
PRJNA438443,SRR6849620,../data/processed_data/lofreq_strict_bam_depth/PRJNA438443/SRR6849620.depth.txt,0.986863711001642,30146.29418719212,26754.0
PRJNA438443,SRR6849622,../data/processed_data/lofreq_strict_bam_depth/PRJNA438443/SRR6849622.depth.txt,0.9823973727422004,24579.87251231528,22021.0
PRJNA438443,SRR6849787,../data/processed_data/lofreq_strict_bam_depth/PRJNA438443/SRR6849787.depth.txt,0.9695894909688012,13053.56630541872,7559.0
PRJNA438443,SRR6849649,../data/processed_data/lofreq_strict_bam_depth/PRJNA438443/SRR6849649.depth.txt,0.9948768472906404,31426.53753694581,28032.0
PRJNA438443,SRR6849765,../data/processed_data/lofreq_strict_bam_depth/PRJNA438443/SRR6849765.depth.txt,0.9948768472906404,36383.479408867,32857.0
PRJNA438443,SRR6849736,../data/processed_data/lofreq_strict_bam_depth/PRJNA438443/SRR6849736.depth.txt,0.9733333333333334,13069.76814449918,7387.0
PRJNA438443,SRR6849630,../data/processed_data/lofreq_strict_bam_depth/PRJNA438443/SRR6849630.depth.txt,0.9693267651888342,9112.015435139572,5294.0
PRJNA438443,SRR6849666,../data/processed_data/lofreq_strict_bam_depth/PRJNA438443/SRR6849666.depth.txt,0.9948768472906404,30006.249786535303,27623.0
PRJNA438443,SRR6849702,../data/processed_data/lofreq_strict_bam_depth/PRJNA438443/SRR6849702.depth.txt,0.9902791461412151,32957.83980295566,34142.0
PRJNA438443,SRR6849670,../data/processed_data/lofreq_strict_bam_depth/PRJNA438443/SRR6849670.depth.txt,0.9881773399014778,27852.67960591133,25996.0
PRJNA438443,SRR6849642,../data/processed_data/lofreq_strict_bam_depth/PRJNA438443/SRR6849642.depth.txt,0.9822660098522168,24379.79684729064,21675.0
PRJNA438443,SRR6849661,../data/processed_data/lofreq_strict_bam_depth/PRJNA438443/SRR6849661.depth.txt,0.9948768472906404,22730.64183908046,20344.0
PRJNA438443,SRR6849698,../data/processed_data/lofreq_strict_bam_depth/PRJNA438443/SRR6849698.depth.txt,0.968735632183908,5367.007947454844,2979.0
PRJNA438443,SRR6849773,../data/processed_data/lofreq_strict_bam_depth/PRJNA438443/SRR6849773.depth.txt,0.9948768472906404,35378.76518883416,33229.0
PRJNA438443,SRR6849669,../data/processed_data/lofreq_strict_bam_depth/PRJNA438443/SRR6849669.depth.txt,0.9948768472906404,25878.93339901478,23200.0
PRJNA438443,SRR6849739,../data/processed_data/lofreq_strict_bam_depth/PRJNA438443/SRR6849739.depth.txt,0.9732019704433498,6340.389096880132,4404.0
PRJNA438443,SRR6849707,../data/processed_data/lofreq_strict_bam_depth/PRJNA438443/SRR6849707.depth.txt,0.9691954022988506,7086.331362889983,6431.0
PRJNA438443,SRR6849783,../data/processed_data/lofreq_strict_bam_depth/PRJNA438443/SRR6849783.depth.txt,0.9676190476190476,8602.128210180625,3625.0
PRJNA438443,SRR6849635,../data/processed_data/lofreq_strict_bam_depth/PRJNA438443/SRR6849635.depth.txt,0.979047619047619,6685.094449917899,3463.0
PRJNA438443,SRR6849629,../data/processed_data/lofreq_strict_bam_depth/PRJNA438443/SRR6849629.depth.txt,0.9864696223316912,7201.954088669951,6486.0
PRJNA438443,SRR6849700,../data/processed_data/lofreq_strict_bam_depth/PRJNA438443/SRR6849700.depth.txt,0.9692610837438425,1980.319934318555,1627.0
PRJNA438443,SRR6849688,../data/processed_data/lofreq_strict_bam_depth/PRJNA438443/SRR6849688.depth.txt,0.9948768472906404,27972.211625615764,24574.0
PRJNA438443,SRR6849712,../data/processed_data/lofreq_strict_bam_depth/PRJNA438443/SRR6849712.depth.txt,0.9730706075533662,8388.324926108375,4717.0
PRJNA438443,SRR6849726,../data/processed_data/lofreq_strict_bam_depth/PRJNA438443/SRR6849726.depth.txt,0.9948768472906404,44701.26870279146,40677.0
PRJNA438443,SRR6849658,../data/processed_data/lofreq_strict_bam_depth/PRJNA438443/SRR6849658.depth.txt,0.9694581280788176,6051.330574712643,3087.0
PRJNA438443,SRR6849792,../data/processed_data/lofreq_strict_bam_depth/PRJNA438443/SRR6849792.depth.txt,0.9948768472906404,30243.901740558293,28494.0
PRJNA438443,SRR6849696,../data/processed_data/lofreq_strict_bam_depth/PRJNA438443/SRR6849696.depth.txt,0.9546141215106732,1250.4384893267652,1180.0
PRJNA438443,SRR6849686,../data/processed_data/lofreq_strict_bam_depth/PRJNA438443/SRR6849686.depth.txt,0.9571756978653532,13596.798357963877,7928.0
PRJNA438443,SRR6849644,../data/processed_data/lofreq_strict_bam_depth/PRJNA438443/SRR6849644.depth.txt,0.9822660098522168,23527.768210180624,16716.0
PRJNA438443,SRR6849748,../data/processed_data/lofreq_strict_bam_depth/PRJNA438443/SRR6849748.depth.txt,0.9948768472906404,38892.98594417077,35715.0
PRJNA438443,SRR6849798,../data/processed_data/lofreq_strict_bam_depth/PRJNA438443/SRR6849798.depth.txt,0.9271592775041052,25043.26738916256,18385.0
PRJNA438443,SRR6849683,../data/processed_data/lofreq_strict_bam_depth/PRJNA438443/SRR6849683.depth.txt,0.9948768472906404,31439.77425287356,28884.0
PRJNA438443,SRR6849775,../data/processed_data/lofreq_strict_bam_depth/PRJNA438443/SRR6849775.depth.txt,0.9870607553366174,26687.803349753696,24775.0
PRJNA438443,SRR6849784,../data/processed_data/lofreq_strict_bam_depth/PRJNA438443/SRR6849784.depth.txt,0.9697208538587848,6223.431330049261,2754.0
PRJNA438443,SRR6849628,../data/processed_data/lofreq_strict_bam_depth/PRJNA438443/SRR6849628.depth.txt,0.976551724137931,7255.264761904762,6558.0
PRJNA438443,SRR6849621,../data/processed_data/lofreq_strict_bam_depth/PRJNA438443/SRR6849621.depth.txt,0.9948768472906404,30360.07986863711,26092.0
PRJNA438443,SRR6849663,../data/processed_data/lofreq_strict_bam_depth/PRJNA438443/SRR6849663.depth.txt,0.9823316912972084,22623.8478817734,18577.0
PRJNA438443,SRR6849735,../data/processed_data/lofreq_strict_bam_depth/PRJNA438443/SRR6849735.depth.txt,0.9802298850574712,7640.215238095238,3400.0
PRJNA438443,SRR6849699,../data/processed_data/lofreq_strict_bam_depth/PRJNA438443/SRR6849699.depth.txt,0.9697208538587848,15935.96486042693,6872.0
PRJNA438443,SRR6849693,../data/processed_data/lofreq_strict_bam_depth/PRJNA438443/SRR6849693.depth.txt,0.9719540229885058,4428.20197044335,1814.0
PRJNA438443,SRR6849719,../data/processed_data/lofreq_strict_bam_depth/PRJNA438443/SRR6849719.depth.txt,0.9609852216748768,6461.464302134647,2701.0
PRJNA438443,SRR6849724,../data/processed_data/lofreq_strict_bam_depth/PRJNA438443/SRR6849724.depth.txt,0.9802298850574712,22261.91921182266,18444.0
PRJNA904288,SRR22672307,../data/processed_data/lofreq_strict_bam_depth/PRJNA904288/SRR22672307.depth.txt,0.933070607553366,939.1498193760262,476.0
PRJNA904288,SRR22865239,../data/processed_data/lofreq_strict_bam_depth/PRJNA904288/SRR22865239.depth.txt,0.9185550082101808,1332.8220032840725,960.0
PRJNA904288,SRR22672265,../data/processed_data/lofreq_strict_bam_depth/PRJNA904288/SRR22672265.depth.txt,0.9634154351395732,1316.322824302135,768.0
PRJNA904288,SRR22672281,../data/processed_data/lofreq_strict_bam_depth/PRJNA904288/SRR22672281.depth.txt,0.9440394088669952,1123.2445977011494,592.0
PRJNA904288,SRR22672283,../data/processed_data/lofreq_strict_bam_depth/PRJNA904288/SRR22672283.depth.txt,0.972807881773399,1243.744367816092,757.0
PRJNA904288,SRR22865264,../data/processed_data/lofreq_strict_bam_depth/PRJNA904288/SRR22865264.depth.txt,0.9810180623973728,1689.2928078817731,929.0
PRJNA904288,SRR22672309,../data/processed_data/lofreq_strict_bam_depth/PRJNA904288/SRR22672309.depth.txt,0.9999343185550084,12494.687487684729,6639.0
PRJNA904288,SRR22865255,../data/processed_data/lofreq_strict_bam_depth/PRJNA904288/SRR22865255.depth.txt,0.9697208538587848,1671.2063711001642,803.0
PRJNA904288,SRR22672298,../data/processed_data/lofreq_strict_bam_depth/PRJNA904288/SRR22672298.depth.txt,0.9961904761904762,6319.295566502463,3042.0
PRJNA904288,SRR22865223,../data/processed_data/lofreq_strict_bam_depth/PRJNA904288/SRR22865223.depth.txt,0.9946141215106732,3228.8604269293924,1502.0
PRJNA904288,SRR22865232,../data/processed_data/lofreq_strict_bam_depth/PRJNA904288/SRR22865232.depth.txt,0.9804269293924468,2031.855960591133,1027.0
PRJNA904288,SRR22672316,../data/processed_data/lofreq_strict_bam_depth/PRJNA904288/SRR22672316.depth.txt,0.9660426929392448,1000.5945484400656,702.0
PRJNA904288,SRR22672291,../data/processed_data/lofreq_strict_bam_depth/PRJNA904288/SRR22672291.depth.txt,0.999343185550082,7032.850903119868,3875.0
PRJCDC,SJ0169,,,,
PRJCDC,SJ1273,,,,
PRJCDC,SJ1432,,,,
PRJhosptital,ET008,,,,
PRJhosptital,ET001,,,,
PRJhosptital,ET004,,,,
PRJhosptital,ET010,,,,
PRJhosptital,ET003,,,,
PRJhosptital,ET016,,,,
PRJhosptital,ET019,,,,
PRJhosptital,ET008,,,,
PRJhosptital,ET001,,,,
PRJhosptital,ET004,,,,
PRJhosptital,ET010,,,,
PRJhosptital,ET003,,,,
PRJhosptital,ET016,,,,
PRJhosptital,ET019,,,,
PRJhosptital,ET008,,,,
PRJhosptital,ET001,,,,
PRJhosptital,ET004,,,,
PRJhosptital,ET010,,,,
PRJhosptital,ET003,,,,
PRJhosptital,ET016,,,,
PRJhosptital,ET019,,,,
PRJhospital,ET008,,,,
PRJhospital,ET001,,,,
PRJhospital,ET004,,,,
PRJhospital,ET010,,,,
PRJhospital,ET003,,,,
PRJhospital,ET016,,,,
PRJhospital,ET019,,,,
PRJchangzhou,WJHX204,,,,
PRJchangzhou,WJHX198,,,,
PRJchangzhou,WJHX203,,,,
PRJchangzhou,WJHX201,,,,
PRJchangzhou,WJHX205,,,,
PRJchangzhou,WJHX197,,,,
PRJchangzhou,WJHX196,,,,
